// ============================================================================
// BỘ BIỂU TƯỢNG MÈO GOME CHIBI (ANIME THEME - 36x36 PIXELS RGB565)
// Tự động trích xuất & tối ưu hoá từ assets/icons/gome/
// Màu chủ đạo: Xanh Cyan/Sky Blue, Trắng, Hồng Chibi
// ============================================================================

#pragma once
#include <Arduino.h>

#define GOME_ICON_W 36
#define GOME_ICON_H 36
#define GOME_ICON_COUNT 13

// Icon 0: gome_09.png (HINH_NEN)
static const uint16_t GOME_ICON_0[1296] PROGMEM = {
  0x0000, 0x0000, 0x0000, 0x0000, 0x0000, 0x0000, 0x0000, 0x0000, 0x0000, 0x0000, 0x0000, 0x0000, 0x0000, 0x0000, 0x0000, 0x0011, 0x0000, 0x0010, 0x0000, 0x0000, 0x0000, 0x0000, 0x0000, 0x0000, 0x0000, 0x0000, 0x0000, 0x0000, 0x0000, 0x0000, 0x0000, 0x0000, 0x0000, 0x0000, 0x0000, 0x0000,
  0x0000, 0x0000, 0x0000, 0x0000, 0x0000, 0x0000, 0x0000, 0x0000, 0x0000, 0x0000, 0x0000, 0x0000, 0x0000, 0x0000, 0x2A57, 0x6C9A, 0x32B7, 0x5BF9, 0x0914, 0x0000, 0x0000, 0x0000, 0x0000, 0x0000, 0x0000, 0x0000, 0x0000, 0x0000, 0x0000, 0x0000, 0x0000, 0x0000, 0x0000, 0x0000, 0x0000, 0x0000,
  0x0000, 0x0000, 0x0000, 0x0000, 0x0000, 0x0000, 0x0000, 0x0000, 0x0000, 0x0000, 0x0000, 0x0000, 0x0000, 0x0094, 0x7D7D, 0x9EBD, 0x65FD, 0x865E, 0x3318, 0x0000, 0x0000, 0x0000, 0x0000, 0x0000, 0x0000, 0x0000, 0x0000, 0x0000, 0x0000, 0x0000, 0x0000, 0x0000, 0x0000, 0x0000, 0x0000, 0x0000,
  0x0000, 0x0000, 0x0000, 0x0000, 0x0000, 0x0000, 0x0000, 0x0000, 0x0000, 0x0000, 0x0000, 0x0000, 0x0000, 0x0975, 0x6D9D, 0x2236, 0x1236, 0x445A, 0x3339, 0x0000, 0x0000, 0x0000, 0x0000, 0x0000, 0x0000, 0x0000, 0x0000, 0x0000, 0x0000, 0x0000, 0x0000, 0x0000, 0x0000, 0x0000, 0x0000, 0x0000,
  0x0000, 0x0000, 0x0000, 0x0000, 0x0000, 0x0000, 0x0000, 0x0000, 0x0000, 0x0000, 0x0000, 0x0000, 0x0000, 0x1175, 0x4CDD, 0x4318, 0x2A77, 0x33DB, 0x08F5, 0x0000, 0x0000, 0x0000, 0x0000, 0x0000, 0x0000, 0x0000, 0x0000, 0x0000, 0x0000, 0x0000, 0x0000, 0x0000, 0x0000, 0x0000, 0x0000, 0x0000,
  0x0000, 0x0000, 0x0000, 0x0000, 0x0000, 0x0000, 0x0000, 0x0000, 0x0000, 0x0000, 0x0000, 0x0000, 0x0000, 0x0000, 0x445A, 0x4C5B, 0x4B39, 0x1995, 0x0000, 0x0000, 0x0000, 0x0012, 0x0093, 0x0000, 0x0000, 0x0000, 0x0000, 0x0000, 0x0000, 0x0000, 0x0000, 0x0000, 0x0000, 0x0000, 0x0000, 0x0000,
  0x0000, 0x0000, 0x0000, 0x0000, 0x0000, 0x0000, 0x0050, 0x0010, 0x0091, 0x0000, 0x0000, 0x0000, 0x0010, 0x002F, 0x1111, 0x2AF7, 0x000E, 0x088E, 0x0000, 0x08D2, 0x29D3, 0xADBD, 0x52F7, 0x0000, 0x0000, 0x0000, 0x0000, 0x0000, 0x0000, 0x0000, 0x0000, 0x0000, 0x0000, 0x0000, 0x0000, 0x0000,
  0x0000, 0x0000, 0x0000, 0x0000, 0x0000, 0x0000, 0x4295, 0x7C39, 0x3A34, 0x0030, 0x10D3, 0x1973, 0x4337, 0x32B7, 0x5336, 0x6BD7, 0x73D7, 0x4AF5, 0x0071, 0x8C79, 0xF7DF, 0xFEFB, 0xBD7B, 0x00D3, 0x0000, 0x0000, 0x031E, 0x0000, 0x0000, 0x0000, 0x0000, 0x0000, 0x0000, 0x0000, 0x0000, 0x0000,
  0x0000, 0x0000, 0x0000, 0x0000, 0x0000, 0x1133, 0xCE3C, 0xFFFF, 0xEF9F, 0xB5BB, 0x31D3, 0x4336, 0x5C9A, 0x9DBD, 0xE79F, 0xBE7F, 0xC6DF, 0xF7DF, 0x9D7B, 0x6C19, 0xE69B, 0xFC75, 0xBD1A, 0x0114, 0x0000, 0x0000, 0x1C1F, 0x1BDE, 0x0000, 0x0000, 0x0000, 0x0000, 0x0000, 0x0000, 0x0000, 0x0000,
  0x0000, 0x0000, 0x0000, 0x0000, 0x0000, 0x29F5, 0xF6DD, 0xFCB6, 0xFF7D, 0xFFFF, 0xEF7D, 0x31D0, 0x955C, 0xF79F, 0xB61D, 0xBE5E, 0xC63D, 0xB5FD, 0xDF3F, 0xA61D, 0x5B36, 0xFE3A, 0xC57A, 0x00D2, 0x0000, 0x031E, 0x55FF, 0x245F, 0x0000, 0x0000, 0x0000, 0x0000, 0x0000, 0x0000, 0x0000, 0x0000,
  0x0000, 0x0000, 0x0000, 0x0000, 0x0000, 0x29D4, 0xEEDD, 0xFCB8, 0xF4D7, 0xFFFF, 0xAD97, 0x7C58, 0xF7BF, 0xCEBE, 0xCE9E, 0xEF7F, 0xF7BF, 0xDEFE, 0xD6BE, 0xE77F, 0xA61D, 0x7BF7, 0xC5FC, 0x0090, 0x0000, 0x2CBF, 0x8FFF, 0x4E3F, 0x02FE, 0x0000, 0x0000, 0x0000, 0x0000, 0x0000, 0x0000, 0x0000,
  0x0000, 0x0000, 0x0000, 0x0000, 0x0000, 0x29D4, 0xF6FE, 0xFCB8, 0xFE5B, 0xEF9E, 0x5B53, 0xCEBF, 0xF79E, 0xD6DE, 0xEF7E, 0xE75E, 0xF79E, 0xEF9E, 0xEF7F, 0xE73E, 0xE77F, 0x64DC, 0x5317, 0x2193, 0x0000, 0x1BDE, 0x5E5F, 0x249F, 0x0000, 0x0000, 0x0000, 0x0000, 0x0000, 0x0000, 0x0000, 0x0000,
  0x0000, 0x0000, 0x0000, 0x0000, 0x0000, 0x29D4, 0xEF1E, 0xFDB9, 0xFFFF, 0x94B5, 0x7438, 0xF7BF, 0xE75E, 0xE75E, 0xEF7E, 0xE75E, 0xF79E, 0xF7DF, 0xEF9F, 0xEF5E, 0xE6FE, 0xD79F, 0x19F6, 0x2172, 0x0000, 0x0000, 0x245F, 0x13DE, 0x0000, 0x0000, 0x0000, 0x0000, 0x0000, 0x0000, 0x0000, 0x0000,
  0x0000, 0x0000, 0x0000, 0x0000, 0x0000, 0x29B3, 0xF79F, 0xFEFC, 0xF7BE, 0x5311, 0xBE5E, 0xF7BE, 0xE75E, 0xF7BF, 0xEF9F, 0xE75E, 0xFFFF, 0xFFDF, 0xEF7E, 0xEF7E, 0xE71E, 0xEF9F, 0x7CDC, 0x1113, 0x0000, 0x0000, 0x0B5F, 0x0000, 0x0000, 0x0000, 0x0000, 0x0000, 0x0000, 0x0000, 0x0000, 0x0000,
  0x0000, 0x0000, 0x0000, 0x0000, 0x0000, 0x1973, 0xCE9D, 0xFFFF, 0xBDD8, 0x6393, 0xEFBF, 0xF79E, 0xDF1E, 0xF7BE, 0xDF3E, 0xDEFE, 0xF7BE, 0xF79E, 0xE75E, 0xD6DE, 0xDF1E, 0xDEFE, 0xDF5F, 0x3A98, 0x0000, 0x0000, 0x0000, 0x0000, 0x0000, 0x0000, 0x0000, 0x0000, 0x0000, 0x0000, 0x0000, 0x0000,
  0x0000, 0x0000, 0x0000, 0x0000, 0x0000, 0x4338, 0x9D1A, 0xFFFF, 0x7BD2, 0x8CB7, 0xF7DF, 0xEF7E, 0xDEFE, 0xF7BE, 0xCE9D, 0xCE9D, 0xFFDF, 0xEF9E, 0xDF3E, 0xC67E, 0xE75E, 0xD6DE, 0xFFDF, 0x7C9B, 0x00B3, 0x0000, 0x0000, 0x0000, 0x033E, 0x0000, 0x0000, 0x0000, 0x0000, 0x0000, 0x0000, 0x0000,
  0x0000, 0x0000, 0x0000, 0x0000, 0x0954, 0x94FB, 0x849A, 0xFFDF, 0x426D, 0xADBC, 0xEF9F, 0xEF7E, 0xDF1E, 0xFFFF, 0xC5FB, 0xC5DA, 0xF7DF, 0xEF7E, 0xE73D, 0x9C57, 0xEF5E, 0xD6FE, 0xEF5E, 0xC6BE, 0x5358, 0x0115, 0x0000, 0x0000, 0x1C7F, 0x0000, 0x0000, 0x0000, 0x0000, 0x0000, 0x0000, 0x0000,
  0x0000, 0x0000, 0x0000, 0x0000, 0x2A15, 0xE75F, 0x7C14, 0x9CF4, 0x4AAE, 0xBE5E, 0xF79E, 0xEF7E, 0xDEFE, 0xEFBF, 0x9C96, 0xB4D6, 0xEFBF, 0xF79E, 0xD6BD, 0xC4F6, 0xCDFB, 0xADFE, 0xF79E, 0x957D, 0xB65D, 0x3256, 0x0000, 0x1C1F, 0x56FF, 0x245E, 0x0000, 0x0000, 0x0000, 0x0000, 0x0000, 0x0000,
  0x0000, 0x0000, 0x0000, 0x0000, 0x4B17, 0xEF9F, 0x4A8E, 0x094D, 0x5310, 0xD71F, 0xEF7E, 0xE75E, 0xCE7E, 0xCE7D, 0xD619, 0xDDD8, 0xD6BE, 0xFFFF, 0xBDFD, 0xEEB9, 0xCD58, 0x8CDC, 0xFFFF, 0x8CFB, 0x3256, 0x2A36, 0x0000, 0x1BBD, 0x24DF, 0x13DE, 0x0000, 0x0000, 0x0000, 0x0000, 0x0000, 0x0000,
  0x0000, 0x0000, 0x0000, 0x000F, 0x6C39, 0xFFFF, 0x4AAF, 0x1212, 0x42B0, 0xDF1F, 0xEF7E, 0xE75E, 0xADBC, 0xCE1A, 0xFF7A, 0xFE78, 0xD65B, 0xC61D, 0xD5F9, 0x6B0D, 0x20C4, 0x7B93, 0xF79F, 0xBE5D, 0x19B6, 0x0000, 0x0000, 0x0000, 0x02FE, 0x0000, 0x0000, 0x0000, 0x0000, 0x0000, 0x0000, 0x0000,
  0x0000, 0x0000, 0x0000, 0x0011, 0x847A, 0xFFFF, 0x52CF, 0x0065, 0x31EB, 0xD6DE, 0xF79E, 0xE75E, 0xB53A, 0x7B4C, 0x3988, 0xBD13, 0xCDBA, 0xDDB8, 0xC4D3, 0x19B1, 0x324F, 0x18C7, 0xE73E, 0xCEDF, 0x29D4, 0x0000, 0x0000, 0x0000, 0x0000, 0x0000, 0x0000, 0x0000, 0x0000, 0x0000, 0x0000, 0x0000,
  0x0000, 0x0000, 0x0000, 0x0011, 0x8CBB, 0xEF7E, 0x21AF, 0x420E, 0x10E9, 0xA537, 0xFFFF, 0xE77F, 0x6AEF, 0x110A, 0x01B5, 0x9413, 0xFF5A, 0xFFBB, 0xAD59, 0x129D, 0x9CB9, 0x522F, 0xD6DE, 0xA63F, 0x4AF7, 0x0072, 0x0000, 0x0000, 0x0000, 0x0000, 0x0000, 0x0000, 0x0000, 0x0000, 0x0000, 0x0000,
  0x0000, 0x0000, 0x0000, 0x0010, 0x8CBB, 0xA599, 0x59F1, 0xFCFA, 0x7B53, 0x4AF1, 0xFFDF, 0xE73E, 0x41E9, 0x5BD8, 0x1AFF, 0xAD5B, 0xFFBB, 0xFF5A, 0xBE7C, 0x04BF, 0xA55A, 0x93D4, 0xC6BF, 0x6CFE, 0x4399, 0x1257, 0x0000, 0x0000, 0x0000, 0x0000, 0x0000, 0x0000, 0x0000, 0x0000, 0x0000, 0x0000,
  0x0000, 0x0000, 0x0000, 0x0012, 0x951C, 0x8C97, 0x9336, 0xFE3D, 0xDD3A, 0x3A0D, 0xE73E, 0xDF1E, 0xA3D1, 0x851B, 0x045E, 0xAE5C, 0xFF9B, 0xFF3A, 0xFFDC, 0xBF9D, 0xE658, 0x9457, 0xA5BD, 0x29B4, 0x1A36, 0x00B4, 0x0011, 0x0051, 0x0000, 0x0000, 0x0000, 0x0000, 0x0000, 0x0000, 0x0000, 0x0000,
  0x0000, 0x0000, 0x0000, 0x19F5, 0xC6FF, 0x7C15, 0x9315, 0xFF7F, 0xDC79, 0x4A2C, 0xDEFE, 0xEF9F, 0xC578, 0xD69A, 0x6E9E, 0xE71B, 0xFF7B, 0xEF1A, 0x7B94, 0x7B75, 0x31B3, 0x0093, 0x0955, 0x0296, 0x0296, 0x2358, 0x3C19, 0x3338, 0x10B3, 0x0000, 0x0000, 0x0000, 0x0000, 0x0000, 0x0000, 0x0000,
  0x0000, 0x0000, 0x0000, 0x2A15, 0xE75F, 0x9519, 0x59D1, 0xFD7C, 0xD395, 0x29AB, 0xDF3E, 0xDEFE, 0xC69E, 0xDD77, 0xFEB9, 0xFF3A, 0xFF19, 0x5A53, 0x0275, 0x349B, 0x553C, 0x865D, 0x967E, 0xB7FF, 0xB7DF, 0xAFDF, 0xD7FF, 0xCFFF, 0x1A59, 0x0032, 0x0000, 0x0000, 0x0000, 0x0000, 0x0000, 0x0000,
  0x0000, 0x0000, 0x0000, 0x7C39, 0xC69F, 0xE75F, 0x4272, 0x8A71, 0x41CC, 0x2A2D, 0xEFBF, 0xADBB, 0x5B75, 0xBCD6, 0xFF1A, 0xFFFD, 0xACD7, 0x1A96, 0x9FBF, 0xCFDF, 0xCFBF, 0xA75F, 0x86FF, 0x6E3F, 0x663F, 0x45DF, 0x661F, 0x9F5F, 0x247E, 0x10D3, 0x0000, 0x0000, 0x0000, 0x0000, 0x0000, 0x0000,
  0x0000, 0x0000, 0x0000, 0x84DA, 0x643A, 0xE71E, 0xCEBD, 0x196C, 0x218A, 0x4AF6, 0x9D9C, 0xD6FE, 0x1970, 0x5A6F, 0xC576, 0xF719, 0x6294, 0x343B, 0xC7DF, 0x459F, 0x45BF, 0x45BF, 0x3DBF, 0x3DDF, 0xB5BE, 0xBDDD, 0x45DF, 0x6EBF, 0xAD9E, 0x4973, 0x0000, 0x0000, 0x0000, 0x0000, 0x0000, 0x0000,
  0x0000, 0x0000, 0x0000, 0x6C7A, 0x2A76, 0xB61D, 0xFFDF, 0xCEBE, 0xA5FE, 0x8D5D, 0x4B7A, 0xBEBF, 0x53DB, 0x3B7A, 0x08CD, 0xA390, 0x3070, 0x3C5C, 0xA75F, 0x3D9F, 0x4DDF, 0x4DDF, 0x45FF, 0x759E, 0xFD1C, 0xFD5C, 0x7DBE, 0x66DF, 0xB55E, 0x4953, 0x0000, 0x0000, 0x0000, 0x0000, 0x0000, 0x0000,
  0x0000, 0x0000, 0x0000, 0x4BF9, 0x4398, 0x5359, 0xE73F, 0xEF5F, 0xAE5F, 0x965F, 0x6C5B, 0x745B, 0x8D3C, 0x42F5, 0x8D3B, 0x6BDA, 0x2133, 0x3C3B, 0xA75F, 0x45BF, 0x4DFF, 0x45BF, 0x3DDF, 0x85DE, 0xFD3C, 0xFCFC, 0x7DDE, 0x66DF, 0xAD3E, 0x4953, 0x0000, 0x0000, 0x0000, 0x0000, 0x0000, 0x0000,
  0x0000, 0x0000, 0x0000, 0x11D5, 0x4D1C, 0x4B59, 0xE75F, 0xEF5F, 0xD73F, 0x7E3E, 0x95FE, 0x6C3B, 0x4B58, 0x7C58, 0x9D3C, 0xF75C, 0x62D4, 0x2BFA, 0xA77F, 0x45BF, 0x4DDF, 0x7E9F, 0x55FF, 0x45FF, 0xBD5D, 0xB53D, 0x45FF, 0x76DF, 0xB53E, 0x4932, 0x0000, 0x0000, 0x0000, 0x0000, 0x0000, 0x0000,
  0x0000, 0x0000, 0x0000, 0x0000, 0x2B58, 0xAE7E, 0xF79F, 0xE73E, 0xDF3F, 0x755E, 0xA63E, 0x9E1F, 0x5BFA, 0x9D1B, 0xAD5C, 0xFFFD, 0x5253, 0x2C1B, 0xA77F, 0x357F, 0x6E7F, 0xDFFF, 0x96FF, 0x35BF, 0x4E1F, 0x45FF, 0x4DFF, 0x6EDF, 0xAD5E, 0x4953, 0x0000, 0x0000, 0x0000, 0x0000, 0x0000, 0x0000,
  0x0000, 0x0000, 0x0000, 0x0000, 0x1195, 0xC65E, 0xE73F, 0xE73E, 0xCEDE, 0xA5FE, 0x9E7E, 0x855E, 0x5B79, 0xB61D, 0xCDFD, 0xFF1B, 0x62D5, 0x343B, 0x9F5F, 0x3D9F, 0xB77F, 0xCFBF, 0xC79F, 0x667F, 0xAF5F, 0x6E7F, 0x3D9F, 0x6EBF, 0x651F, 0x2156, 0x0000, 0x0000, 0x0000, 0x0000, 0x0000, 0x0000,
  0x0000, 0x0000, 0x0000, 0x0000, 0x4BB9, 0xA67F, 0xC69E, 0xFFFF, 0xBE5E, 0x963D, 0x75BF, 0x74BD, 0x6397, 0xDF5F, 0xEF7F, 0xC59B, 0x20D2, 0x347C, 0x975F, 0x8EDF, 0xCFDF, 0xC79F, 0xC7BF, 0xC7BF, 0xC7BF, 0xA77F, 0x45FF, 0x7EFF, 0x6C3C, 0x0893, 0x0000, 0x0000, 0x0000, 0x0000, 0x0000, 0x0000,
  0x0000, 0x0000, 0x0000, 0x0000, 0x3BF9, 0x3B77, 0xD6DE, 0xEF9E, 0xADFE, 0x859D, 0x7D5F, 0x6C7C, 0x63B7, 0xFFFF, 0xFFFF, 0xB5FC, 0x002F, 0x2C3B, 0xC7DF, 0xCF9F, 0xCFBF, 0xCFBF, 0xCFBF, 0xC7BF, 0xBFBF, 0xBFDF, 0x9F3F, 0x9F7F, 0x4BBB, 0x0851, 0x0000, 0x0000, 0x0000, 0x0000, 0x0000, 0x0000,
  0x0000, 0x0000, 0x0000, 0x0000, 0x1B58, 0x32F7, 0xCE9F, 0xD71E, 0x957E, 0x8D1E, 0x7D1E, 0x7CFC, 0x42F8, 0xBE3C, 0xC67D, 0x42B5, 0x1113, 0x23FB, 0xAF9F, 0xCF9F, 0xCF9F, 0xC79F, 0xC77F, 0xBF7F, 0xBF7F, 0xBF7F, 0xBF9F, 0xB61E, 0x2196, 0x0000, 0x0000, 0x0000, 0x0000, 0x0000, 0x0000, 0x0000
};

// Icon 1: gome_10.png (CAI_DAT)
static const uint16_t GOME_ICON_1[1296] PROGMEM = {
  0x0000, 0x0000, 0x0000, 0x0000, 0x0000, 0x0000, 0x0000, 0x0000, 0x0000, 0x0000, 0x0000, 0x0000, 0x0000, 0x0000, 0x0000, 0x0000, 0x0000, 0x0000, 0x0000, 0x0000, 0x0000, 0x0000, 0x0000, 0x0000, 0x0000, 0x0000, 0x0000, 0x0000, 0x0000, 0x0000, 0x0000, 0x0000, 0x0000, 0x0000, 0x0000, 0x0000,
  0x0000, 0x0000, 0x0000, 0x0000, 0x0000, 0x0000, 0x0000, 0x0000, 0x0000, 0x0000, 0x0000, 0x0000, 0x0000, 0x0000, 0x0000, 0x0000, 0x0000, 0x0000, 0x0000, 0x0000, 0x0000, 0x0000, 0x0000, 0x0000, 0x0000, 0x0000, 0x0000, 0x0000, 0x0000, 0x0000, 0x0000, 0x0000, 0x0000, 0x0000, 0x0000, 0x0000,
  0x0000, 0x0000, 0x0000, 0x0000, 0x0000, 0x0000, 0x0000, 0x0000, 0x0000, 0x0000, 0x0000, 0x0000, 0x0000, 0x0000, 0x0000, 0x0000, 0x0000, 0x0000, 0x0000, 0x0000, 0x0000, 0x0000, 0x0000, 0x0000, 0x0000, 0x0000, 0x0000, 0x0000, 0x0000, 0x0000, 0x0000, 0x0000, 0x0000, 0x0000, 0x0000, 0x0000,
  0x0000, 0x0000, 0x0000, 0x0000, 0x0000, 0x0000, 0x0000, 0x0000, 0x0000, 0x0000, 0x0000, 0x0000, 0x0000, 0x0000, 0x0000, 0x0000, 0x0000, 0x0000, 0x0000, 0x0000, 0x0000, 0x0000, 0x0000, 0x0000, 0x0000, 0x0000, 0x0000, 0x0000, 0x0000, 0x0000, 0x0000, 0x0000, 0x0000, 0x0000, 0x0000, 0x0000,
  0x0000, 0x0000, 0x0000, 0x0000, 0x0000, 0x0000, 0x0000, 0x0000, 0x0000, 0x0000, 0x0000, 0x0000, 0x0000, 0x0000, 0x0000, 0x0000, 0x0000, 0x0000, 0x0000, 0x0000, 0x0000, 0x0000, 0x0000, 0x0000, 0x0000, 0x0000, 0x0000, 0x0000, 0x0000, 0x0000, 0x0000, 0x0000, 0x0000, 0x0000, 0x0000, 0x0000,
  0x0000, 0x0000, 0x0000, 0x0000, 0x0000, 0x0000, 0x0000, 0x0000, 0x0000, 0x0000, 0x0000, 0x0000, 0x0000, 0x0000, 0x0000, 0x0000, 0x0000, 0x0000, 0x0000, 0x0000, 0x0000, 0x0000, 0x0000, 0x0000, 0x0000, 0x0000, 0x0000, 0x0000, 0x0000, 0x0000, 0x0000, 0x0000, 0x0000, 0x0000, 0x0000, 0x0000,
  0x0000, 0x0000, 0x0000, 0x0000, 0x0000, 0x0000, 0x0000, 0x0000, 0x0000, 0x0000, 0x0000, 0x0000, 0x0000, 0x0000, 0x0000, 0x0000, 0x0000, 0x0000, 0x0000, 0x0000, 0x0000, 0x0000, 0x0000, 0x0000, 0x0000, 0x0000, 0x0000, 0x0000, 0x0000, 0x0000, 0x0000, 0x0000, 0x0000, 0x0000, 0x0000, 0x0000,
  0x0000, 0x0000, 0x0000, 0x0000, 0x0000, 0x0000, 0x0000, 0x0000, 0x0000, 0x0000, 0x0000, 0x0000, 0x0000, 0x0000, 0x0000, 0x0000, 0x0000, 0x0000, 0x0000, 0x0000, 0x0000, 0x0000, 0x0000, 0x0000, 0x0000, 0x0000, 0x0000, 0x0000, 0x0000, 0x0000, 0x0000, 0x0000, 0x0000, 0x0000, 0x0000, 0x0000,
  0x0000, 0x0000, 0x0000, 0x0000, 0x0000, 0x0000, 0x0000, 0x0000, 0x0000, 0x0000, 0x0000, 0x0000, 0x0000, 0x0000, 0x0000, 0x0000, 0x0000, 0x0000, 0x0000, 0x0000, 0x0000, 0x0000, 0x0000, 0x0000, 0x0000, 0x0000, 0x0000, 0x0000, 0x0000, 0x0000, 0x0000, 0x0000, 0x0000, 0x0000, 0x0000, 0x0000,
  0x0000, 0x0000, 0x0000, 0x0000, 0x0000, 0x0000, 0x0000, 0x0000, 0x0000, 0x0000, 0x0000, 0x0000, 0x0000, 0x0000, 0x0091, 0x0091, 0x0000, 0x0000, 0x0000, 0x0000, 0x0000, 0x0000, 0x0000, 0x0000, 0x0000, 0x0000, 0x0000, 0x0000, 0x0000, 0x0000, 0x0000, 0x0000, 0x0000, 0x0000, 0x0000, 0x0000,
  0x0000, 0x0000, 0x0000, 0x0000, 0x0000, 0x0000, 0x0000, 0x0000, 0x0000, 0x0000, 0x0000, 0x0000, 0x0000, 0x0092, 0x0093, 0x0092, 0x0071, 0x0000, 0x0000, 0x0000, 0x0000, 0x0000, 0x0000, 0x0000, 0x0000, 0x0000, 0x0000, 0x0000, 0x0000, 0x0000, 0x0000, 0x0000, 0x0000, 0x0000, 0x0000, 0x0000,
  0x0000, 0x0000, 0x0000, 0x0000, 0x0000, 0x0000, 0x0000, 0x0000, 0x0952, 0x0030, 0x08F1, 0x0000, 0x0030, 0x3B38, 0x9F5E, 0x7EDE, 0x09F6, 0x004F, 0x0000, 0x0912, 0x0031, 0x0000, 0x0000, 0x0000, 0x0000, 0x0000, 0x0000, 0x0000, 0x0000, 0x0000, 0x0000, 0x0000, 0x0000, 0x0000, 0x0000, 0x0000,
  0x0000, 0x0000, 0x0000, 0x0000, 0x0000, 0x0000, 0x0000, 0x0000, 0x0052, 0x1195, 0x00B1, 0x1192, 0x000F, 0x4BF9, 0x97FF, 0x7FDF, 0x1B18, 0x0010, 0x11B3, 0x00D3, 0x1176, 0x0052, 0x0993, 0x0000, 0x0000, 0x0000, 0x0000, 0x0000, 0x0000, 0x0000, 0x0000, 0x0000, 0x0000, 0x0000, 0x0000, 0x0000,
  0x0000, 0x0000, 0x0000, 0x0000, 0x0000, 0x0000, 0x0000, 0x0030, 0x1174, 0x7F9F, 0x3BB8, 0x0011, 0x1972, 0x54B9, 0x877F, 0x877F, 0x4419, 0x0933, 0x0012, 0x4C39, 0x5F3F, 0x00F4, 0x000F, 0x0000, 0x0000, 0x0000, 0x0000, 0x0000, 0x0000, 0x0000, 0x0000, 0x0000, 0x0000, 0x0000, 0x0000, 0x0000,
  0x0000, 0x0000, 0x0000, 0x0000, 0x0000, 0x0000, 0x0091, 0x10F2, 0x763C, 0x8F9F, 0x76FF, 0x4C7A, 0x975F, 0x875F, 0x7F1F, 0x7F3F, 0x875F, 0x76FF, 0x445B, 0x873F, 0x7F9F, 0x457D, 0x00B3, 0x0070, 0x0000, 0x0000, 0x0000, 0x0000, 0x0000, 0x0000, 0x0000, 0x0000, 0x0000, 0x0000, 0x0000, 0x0000,
  0x0000, 0x0000, 0x0000, 0x0000, 0x0000, 0x0000, 0x0011, 0x1238, 0x8FDF, 0x873F, 0x875F, 0x8FBF, 0x8F3F, 0x877F, 0x8FBF, 0x97BF, 0x8F7F, 0x875F, 0x879F, 0x7F1F, 0x7F3F, 0x675F, 0x01B8, 0x000F, 0x0000, 0x0000, 0x0000, 0x0000, 0x0000, 0x0000, 0x0000, 0x0000, 0x0000, 0x0000, 0x0000, 0x0000,
  0x0000, 0x0000, 0x0000, 0x0000, 0x0000, 0x0000, 0x0912, 0x0052, 0x33FB, 0x877F, 0x873F, 0x7F3F, 0x879F, 0x4D5E, 0x33DE, 0x3C1E, 0x5DDF, 0x879F, 0x7F1F, 0x873F, 0x7F3F, 0x1B7C, 0x0031, 0x00B0, 0x0000, 0x0000, 0x0000, 0x0000, 0x0000, 0x0000, 0x0000, 0x0000, 0x0000, 0x0000, 0x0000, 0x0000,
  0x0000, 0x0000, 0x0000, 0x0000, 0x0000, 0x0000, 0x0000, 0x0050, 0x1A59, 0x8F9F, 0x873F, 0x8F7F, 0x33DD, 0x01BA, 0x023C, 0x027C, 0x01DB, 0x3C1D, 0x877F, 0x873F, 0x771F, 0x01BA, 0x0071, 0x0000, 0x0000, 0x0000, 0x0000, 0x0000, 0x0000, 0x0000, 0x0000, 0x0000, 0x0000, 0x0000, 0x0000, 0x0000,
  0x0000, 0x0000, 0x0000, 0x0000, 0x0000, 0x0000, 0x0072, 0x000F, 0x54BB, 0x97BF, 0x8F7F, 0x44DE, 0x01BC, 0x8E3E, 0xB79F, 0xBFBF, 0x659D, 0x01BC, 0x553E, 0x877F, 0x879F, 0x3BFD, 0x0011, 0x002F, 0x0000, 0x0000, 0x0000, 0x0000, 0x0000, 0x0000, 0x0000, 0x0000, 0x0000, 0x0000, 0x0000, 0x0000,
  0x0000, 0x0000, 0x0000, 0x0000, 0x0000, 0x00B1, 0x11B5, 0x1992, 0x75BC, 0x8F9F, 0x6EFF, 0x023C, 0x6D5E, 0xFFFF, 0xFDBC, 0xFDBC, 0xFFFF, 0x551D, 0x0ABD, 0x7F3F, 0x8F9F, 0x659C, 0x1993, 0x11B4, 0x0092, 0x0000, 0x0000, 0x0000, 0x0000, 0x0000, 0x0000, 0x0000, 0x0000, 0x0000, 0x0000, 0x0000,
  0x0000, 0x0000, 0x0000, 0x0000, 0x0000, 0x0933, 0x877F, 0x979F, 0x873F, 0x8F9F, 0x553E, 0x0A7C, 0xCFBF, 0xFE1D, 0xF57C, 0xFD7C, 0xFDFD, 0xB73F, 0x029D, 0x65DF, 0x8F7F, 0x875F, 0x97BF, 0x5EDF, 0x00D3, 0x000E, 0x0000, 0x0000, 0x0000, 0x0000, 0x0000, 0x0000, 0x0000, 0x0000, 0x0000, 0x0000,
  0x0000, 0x0000, 0x0000, 0x0000, 0x0000, 0x0953, 0x771F, 0x771F, 0x7F1F, 0x8F9F, 0x4CFE, 0x129C, 0xDF5E, 0xFD9C, 0xFDBC, 0xFDBC, 0xFD7C, 0xB6DE, 0x02BD, 0x6DFF, 0x8F9F, 0x7F1F, 0x7F3F, 0x45FF, 0x0112, 0x0000, 0x0000, 0x0000, 0x0000, 0x0000, 0x0000, 0x0000, 0x0000, 0x0000, 0x0000, 0x0000,
  0x0000, 0x0000, 0x0000, 0x0000, 0x0000, 0x0973, 0x777F, 0x877F, 0x7F3F, 0x879F, 0x44DE, 0x1A9D, 0xE79F, 0xFDBC, 0xFDBC, 0xFD9C, 0xFDBC, 0xBF5F, 0x02BD, 0x65BF, 0x879F, 0x873F, 0x8FBF, 0x4DFF, 0x0073, 0x000F, 0x0030, 0x0000, 0x0000, 0x0000, 0x0000, 0x0000, 0x0000, 0x0000, 0x0000, 0x0000,
  0x0000, 0x0000, 0x0000, 0x0000, 0x0000, 0x00F2, 0x249F, 0x3CFF, 0x6E9F, 0x879F, 0x55DE, 0x0A7C, 0xBF5F, 0xFEBE, 0xFD5C, 0xFD3C, 0xFEDE, 0xA6DF, 0x12DD, 0x6E7F, 0x877F, 0x665F, 0x3D3F, 0x11D6, 0x52B6, 0x8C79, 0x6296, 0x0051, 0x0000, 0x0000, 0x0000, 0x0000, 0x0000, 0x0000, 0x0000, 0x0000,
  0x0000, 0x0000, 0x0000, 0x0000, 0x0000, 0x0071, 0x00B7, 0x0095, 0x65DD, 0x879F, 0x877F, 0x125B, 0x3BFC, 0xEFFF, 0xFE7E, 0xFEBE, 0xC7FF, 0x2B9D, 0x3B7D, 0x97BF, 0x877F, 0x453E, 0x0014, 0x39D2, 0xF6FE, 0xFE7D, 0x7256, 0x0050, 0x0000, 0x0000, 0x0000, 0x0000, 0x0000, 0x0000, 0x0000, 0x0000,
  0x0000, 0x0000, 0x0000, 0x0000, 0x0000, 0x0912, 0x0071, 0x000F, 0x341A, 0x8F9F, 0x8F5F, 0x5DBD, 0x0139, 0x44BE, 0x7EBE, 0x7EDF, 0x2C3D, 0x01DC, 0x767F, 0x8F5F, 0x773F, 0x12DA, 0x18F2, 0xDE5C, 0xFDDC, 0x8A76, 0x10F3, 0x31B5, 0x0072, 0x0000, 0x0000, 0x0000, 0x0000, 0x0000, 0x0000, 0x0000,
  0x0000, 0x0000, 0x0000, 0x0000, 0x0000, 0x0000, 0x0000, 0x0010, 0x1A38, 0x8F9F, 0x871F, 0x879F, 0x555D, 0x09BB, 0x017C, 0x013B, 0x1A1C, 0x6E3F, 0x877F, 0x875F, 0x76DF, 0x0054, 0x5B15, 0xFF3F, 0xFD3B, 0x2912, 0x2133, 0x4215, 0x62F8, 0x0010, 0x0000, 0x0000, 0x0000, 0x0000, 0x0000, 0x0000,
  0x0000, 0x0000, 0x0000, 0x0000, 0x0000, 0x0000, 0x0000, 0x0091, 0x5D5C, 0x879F, 0x7F3F, 0x873F, 0x879F, 0x769F, 0x75FE, 0x75DE, 0x7EBF, 0x879F, 0x771F, 0x7F3F, 0x877F, 0x2358, 0x52D5, 0xFEDE, 0xFD7C, 0x2910, 0x000F, 0xD61C, 0x8BB8, 0x000E, 0x0000, 0x0000, 0x0000, 0x0000, 0x0000, 0x0000,
  0x0000, 0x0000, 0x0000, 0x0000, 0x0000, 0x0000, 0x0010, 0x1A15, 0x6F7F, 0x771F, 0x877F, 0x873F, 0x875F, 0x877F, 0x877F, 0x877F, 0x877F, 0x7F3F, 0x775F, 0x6EFF, 0x573F, 0x2BF9, 0x52B5, 0xFEFE, 0xFDBC, 0xCD3A, 0xC53A, 0xFE9D, 0x82B7, 0x000F, 0x0000, 0x0000, 0x0000, 0x0000, 0x0000, 0x0000,
  0x0000, 0x0000, 0x0000, 0x0000, 0x0000, 0x0000, 0x0090, 0x0094, 0x4D5F, 0x8FDF, 0x4DFF, 0x12BC, 0x559E, 0x6EBF, 0x771F, 0x771F, 0x76DF, 0x44DF, 0x127B, 0x6EDF, 0x569F, 0x0071, 0xA519, 0xFE9E, 0xF5DC, 0xFE1D, 0xFE3D, 0xFD3B, 0x5174, 0x0050, 0x0000, 0x0000, 0x0000, 0x0000, 0x0000, 0x0000,
  0x0000, 0x0000, 0x0000, 0x0000, 0x0000, 0x0000, 0x0000, 0x0050, 0x0178, 0x461F, 0x0A79, 0x0010, 0x0053, 0x3C3C, 0x7F7F, 0x777F, 0x2BBC, 0x0075, 0x0010, 0x1ADA, 0x1217, 0x62F5, 0xFEBE, 0xFD9C, 0xFDBD, 0xFDBD, 0xFDFD, 0x8AB7, 0x0030, 0x0000, 0x0000, 0x0000, 0x0000, 0x0000, 0x0000, 0x0000,
  0x0000, 0x0000, 0x0000, 0x0000, 0x0000, 0x0000, 0x0000, 0x0972, 0x0050, 0x0136, 0x0071, 0x08D1, 0x000F, 0x33D8, 0x87FF, 0x779F, 0x1AF9, 0x000E, 0x19B2, 0x000E, 0x31F4, 0xF6FE, 0xFDDD, 0xFD1C, 0x71F5, 0x59B4, 0x59B4, 0x0073, 0x08D2, 0x0000, 0x0000, 0x0000, 0x0000, 0x0000, 0x0000, 0x0000,
  0x0000, 0x0000, 0x0000, 0x0000, 0x0000, 0x0000, 0x0000, 0x0000, 0x00F0, 0x0050, 0x00D2, 0x0000, 0x0051, 0x09D6, 0x245E, 0x1C1E, 0x0115, 0x0892, 0x0000, 0x2193, 0xDE7C, 0xFDDD, 0xFDBD, 0x9AB7, 0x0011, 0x002F, 0x0030, 0x08B2, 0x0000, 0x0000, 0x0000, 0x0000, 0x0000, 0x0000, 0x0000, 0x0000,
  0x0000, 0x0000, 0x0000, 0x0000, 0x0000, 0x0000, 0x0000, 0x0000, 0x0000, 0x0000, 0x0000, 0x0000, 0x0000, 0x0070, 0x0032, 0x0032, 0x0070, 0x0000, 0x0010, 0x9CBA, 0xF6FE, 0xF57D, 0xCB99, 0x0851, 0x2174, 0x0000, 0x0000, 0x0000, 0x0000, 0x0000, 0x0000, 0x0000, 0x0000, 0x0000, 0x0000, 0x0000,
  0x0000, 0x0000, 0x0000, 0x0000, 0x0000, 0x0000, 0x0000, 0x0000, 0x0000, 0x0000, 0x0000, 0x0000, 0x0000, 0x0000, 0x0912, 0x00F1, 0x0000, 0x0000, 0x000E, 0x8397, 0xFEBE, 0xE4FB, 0x28B2, 0x0090, 0x0000, 0x0000, 0x0000, 0x0000, 0x0000, 0x0000, 0x0000, 0x0000, 0x0000, 0x0000, 0x0000, 0x0000,
  0x0000, 0x0000, 0x0000, 0x0000, 0x0000, 0x0000, 0x0000, 0x0000, 0x0000, 0x0000, 0x0000, 0x0000, 0x0000, 0x0000, 0x0000, 0x0000, 0x0000, 0x0000, 0x0070, 0x18D4, 0x8AF7, 0x49B5, 0x0051, 0x0000, 0x0000, 0x0000, 0x0000, 0x0000, 0x0000, 0x0000, 0x0000, 0x0000, 0x0000, 0x0000, 0x0000, 0x0000
};

// Icon 2: gome_11.png (MAY_TINH)
static const uint16_t GOME_ICON_2[1296] PROGMEM = {
  0x0000, 0x0000, 0x0000, 0x0000, 0x0000, 0x0000, 0x0000, 0x0000, 0x0000, 0x0000, 0x0000, 0x0000, 0x0000, 0x0000, 0x0000, 0x0000, 0x0000, 0x0000, 0x0000, 0x0000, 0x0000, 0x0000, 0x0000, 0x0000, 0x0000, 0x0000, 0x0000, 0x0000, 0x0000, 0x0000, 0x0000, 0x0000, 0x0000, 0x0000, 0x0000, 0x0000,
  0x0000, 0x0000, 0x0000, 0x0000, 0x0000, 0x0000, 0x0000, 0x0000, 0x0000, 0x0000, 0x0000, 0x0000, 0x0000, 0x0000, 0x0000, 0x0000, 0x0000, 0x0000, 0x0000, 0x0000, 0x0000, 0x0000, 0x0000, 0x0000, 0x0000, 0x0000, 0x0000, 0x0000, 0x0000, 0x0000, 0x0000, 0x0000, 0x0000, 0x0000, 0x0000, 0x0000,
  0x0000, 0x0000, 0x0000, 0x0000, 0x0000, 0x0000, 0x0000, 0x0000, 0x0000, 0x0000, 0x0000, 0x0000, 0x0000, 0x0000, 0x0000, 0x0000, 0x0000, 0x0000, 0x0000, 0x0000, 0x0000, 0x0000, 0x0000, 0x0000, 0x0000, 0x0000, 0x0000, 0x0000, 0x0000, 0x0000, 0x0000, 0x0000, 0x0000, 0x0000, 0x0000, 0x0000,
  0x0000, 0x0000, 0x0000, 0x0000, 0x0000, 0x0000, 0x0000, 0x0000, 0x0000, 0x0000, 0x0000, 0x0000, 0x0000, 0x0000, 0x0000, 0x0000, 0x0000, 0x0000, 0x0000, 0x0000, 0x0000, 0x0000, 0x0000, 0x0000, 0x0000, 0x0000, 0x0000, 0x0000, 0x0000, 0x0000, 0x0000, 0x0000, 0x0000, 0x0000, 0x0000, 0x0000,
  0x0000, 0x0000, 0x0000, 0x0000, 0x0000, 0x0000, 0x0000, 0x0000, 0x0000, 0x0000, 0x0000, 0x0000, 0x0000, 0x0000, 0x0000, 0x0000, 0x0000, 0x0000, 0x0000, 0x0000, 0x0000, 0x0000, 0x0000, 0x0000, 0x0000, 0x0000, 0x0000, 0x0000, 0x0000, 0x0000, 0x0000, 0x0000, 0x0000, 0x0000, 0x0000, 0x0000,
  0x0000, 0x0000, 0x0000, 0x0000, 0x0000, 0x0000, 0x0000, 0x0000, 0x0000, 0x0000, 0x0000, 0x0000, 0x0000, 0x0000, 0x0000, 0x0000, 0x0000, 0x0000, 0x0000, 0x0000, 0x0000, 0x0000, 0x0000, 0x0000, 0x0000, 0x0000, 0x0000, 0x0000, 0x0000, 0x0000, 0x0000, 0x0000, 0x0000, 0x0000, 0x0000, 0x0000,
  0x0000, 0x0000, 0x0000, 0x0000, 0x0000, 0x0000, 0x0000, 0x0000, 0x0000, 0x0000, 0x0000, 0x0000, 0x0000, 0x0000, 0x0000, 0x0000, 0x0000, 0x0000, 0x0000, 0x0000, 0x0000, 0x0000, 0x0000, 0x0000, 0x0000, 0x0000, 0x0000, 0x0000, 0x0000, 0x0000, 0x0000, 0x0000, 0x0000, 0x0000, 0x0000, 0x0000,
  0x0000, 0x0000, 0x0000, 0x0000, 0x0000, 0x0000, 0x0000, 0x0000, 0x0000, 0x0000, 0x0000, 0x0000, 0x0000, 0x0000, 0x0000, 0x0000, 0x0000, 0x0000, 0x0000, 0x0000, 0x0000, 0x0000, 0x0000, 0x0000, 0x0000, 0x0000, 0x0000, 0x0000, 0x0000, 0x0000, 0x0000, 0x0000, 0x0000, 0x0000, 0x0000, 0x0000,
  0x0000, 0x0000, 0x0000, 0x0000, 0x0000, 0x0000, 0x0000, 0x0000, 0x0000, 0x0000, 0x0000, 0x0000, 0x0000, 0x0000, 0x0000, 0x0000, 0x0000, 0x0000, 0x0000, 0x0000, 0x0000, 0x0000, 0x0000, 0x0000, 0x0000, 0x0000, 0x0000, 0x0000, 0x0000, 0x0000, 0x0000, 0x0000, 0x0000, 0x0000, 0x0000, 0x0000,
  0x0000, 0x0000, 0x0000, 0x0000, 0x0000, 0x0000, 0x0000, 0x0000, 0x0000, 0x0000, 0x0000, 0x0000, 0x0000, 0x0000, 0x0000, 0x0000, 0x0000, 0x0000, 0x0000, 0x0000, 0x0000, 0x0000, 0x0000, 0x0000, 0x0000, 0x0000, 0x0000, 0x0000, 0x0000, 0x0000, 0x0000, 0x0000, 0x0000, 0x0000, 0x0000, 0x0000,
  0x0000, 0x0000, 0x0000, 0x0000, 0x0000, 0x0000, 0x0000, 0x0000, 0x0000, 0x0000, 0x0000, 0x0000, 0x0000, 0x0000, 0x0000, 0x0000, 0x0000, 0x0000, 0x0000, 0x0000, 0x0000, 0x0000, 0x0000, 0x0000, 0x0000, 0x0000, 0x0000, 0x0000, 0x0000, 0x0000, 0x0000, 0x0000, 0x0000, 0x0000, 0x0000, 0x0000,
  0x0000, 0x0000, 0x0000, 0x0000, 0x0000, 0x0932, 0x08F3, 0x1194, 0x0974, 0x0974, 0x0974, 0x0995, 0x0995, 0x0995, 0x0994, 0x0974, 0x0994, 0x0995, 0x0974, 0x0974, 0x0974, 0x0994, 0x0994, 0x0974, 0x0973, 0x11B4, 0x00F3, 0x11B4, 0x0000, 0x0000, 0x0000, 0x0000, 0x0000, 0x0000, 0x0000, 0x0000,
  0x0000, 0x0000, 0x0000, 0x0000, 0x0000, 0x08B2, 0x657C, 0x6F5F, 0x673F, 0x675F, 0x675F, 0x5F5F, 0x5F5F, 0x5F3F, 0x5F3F, 0x5F3F, 0x5F3F, 0x5F3F, 0x5F3F, 0x675F, 0x675F, 0x5F5F, 0x5F3F, 0x573F, 0x5F1F, 0x6F7F, 0x651B, 0x08D4, 0x0914, 0x0000, 0x0000, 0x0000, 0x0000, 0x0000, 0x0000, 0x0000,
  0x0000, 0x0000, 0x0000, 0x0000, 0x0031, 0x54BB, 0x97FF, 0x5F5F, 0x5EFE, 0x5EBE, 0x569E, 0x56BE, 0x56BE, 0x56BE, 0x56BE, 0x56BE, 0x5EBE, 0x5EBE, 0x56BE, 0x5EBE, 0x5EDE, 0x5EBE, 0x56BE, 0x5EBE, 0x6F3F, 0x675F, 0x8FFF, 0x3BFA, 0x0012, 0x0000, 0x0000, 0x0000, 0x0000, 0x0000, 0x0000, 0x0000,
  0x0000, 0x0000, 0x0000, 0x0000, 0x0030, 0x4D9C, 0x77FF, 0x46BF, 0x0154, 0x0010, 0x0031, 0x0031, 0x0032, 0x0032, 0x0032, 0x0032, 0x0052, 0x0051, 0x0031, 0x0051, 0x0052, 0x0051, 0x0072, 0x0033, 0x1A57, 0x5F5F, 0x679F, 0x355E, 0x0074, 0x08D1, 0x0000, 0x0000, 0x0000, 0x0000, 0x0000, 0x0000,
  0x0000, 0x0000, 0x0000, 0x0000, 0x0030, 0x453B, 0x6FFF, 0x1AB7, 0x0032, 0x22F9, 0x2339, 0x2339, 0x2339, 0x2339, 0x2339, 0x2339, 0x2339, 0x2339, 0x2339, 0x2339, 0x1B5A, 0x1B5A, 0x2B7A, 0x1AB9, 0x0011, 0x3459, 0x67DF, 0x861F, 0x6258, 0x0031, 0x0000, 0x0000, 0x0000, 0x0000, 0x0000, 0x0000,
  0x0000, 0x0000, 0x0000, 0x0000, 0x0050, 0x455B, 0x6FFF, 0x1153, 0x1277, 0x4E5F, 0x4DDF, 0x4DFF, 0x4DDF, 0x45DF, 0x4DFF, 0x4DFF, 0x4DFF, 0x4DFF, 0x45FF, 0x45FF, 0x8DDF, 0x85FF, 0x45FF, 0x45FF, 0x0913, 0x2AD6, 0x5FFF, 0xB65E, 0xBAD8, 0x0031, 0x0000, 0x0000, 0x0000, 0x0000, 0x0000, 0x0000,
  0x0000, 0x0000, 0x0000, 0x0000, 0x0050, 0x4D7C, 0x77FF, 0x1174, 0x1A97, 0x4DDF, 0x455F, 0x457F, 0x457F, 0x457F, 0x457F, 0x459F, 0x459F, 0x457F, 0x3D9F, 0x8D5E, 0xFCFB, 0xFD1B, 0x751E, 0x3DBF, 0x0955, 0x2AF6, 0x5FFF, 0xA65E, 0xAAD8, 0x0030, 0x0000, 0x0000, 0x0000, 0x0000, 0x0000, 0x0000,
  0x0000, 0x0000, 0x0000, 0x0000, 0x0050, 0x4D7C, 0x77FF, 0x1173, 0x1A77, 0x4DFF, 0x455F, 0x457F, 0x457F, 0x459F, 0x459F, 0x3D7F, 0x459F, 0x4D9F, 0x45BF, 0xD53C, 0xFCFB, 0xFCFB, 0xC4FC, 0x3DDF, 0x1154, 0x2AF6, 0x5FDF, 0xA67E, 0xAAD8, 0x0010, 0x0000, 0x0000, 0x0000, 0x0000, 0x0000, 0x0000,
  0x0000, 0x0000, 0x0000, 0x0000, 0x0030, 0x4D5B, 0x77FF, 0x1173, 0x1A57, 0x4DDF, 0x455F, 0x457F, 0x457F, 0x459F, 0x4DBF, 0x9F1F, 0x55FF, 0x459F, 0x3D9F, 0xB53D, 0xFD3C, 0xFD1C, 0xAD1D, 0x3DDF, 0x0954, 0x22F6, 0x5FDF, 0xA67E, 0xAAF8, 0x0010, 0x0000, 0x0000, 0x0000, 0x0000, 0x0000, 0x0000,
  0x0000, 0x0000, 0x0000, 0x0000, 0x0030, 0x4D5B, 0x77FF, 0x1173, 0x1A57, 0x4DDF, 0x457F, 0x457F, 0x459F, 0x457F, 0x96FF, 0xCFFF, 0x9F3F, 0x459F, 0x459F, 0x55BF, 0xDD5D, 0xDD3C, 0x4D7F, 0x45DF, 0x0954, 0x2AF6, 0x5FFF, 0xAE5E, 0xB2F8, 0x0031, 0x0000, 0x0000, 0x0000, 0x0000, 0x0000, 0x0000,
  0x0000, 0x0000, 0x0000, 0x0000, 0x0030, 0x4D5B, 0x77FF, 0x1173, 0x1A57, 0x4DFF, 0x457F, 0x459F, 0x3D5F, 0x767F, 0xC7DF, 0xBF9F, 0xC7DF, 0x7E9F, 0x459F, 0x4DDF, 0x55BF, 0x4D9F, 0x457F, 0x4DDF, 0x0954, 0x2AF6, 0x5FFF, 0xA65E, 0xB2F8, 0x0031, 0x0000, 0x0000, 0x0000, 0x0000, 0x0000, 0x0000,
  0x0000, 0x0000, 0x0000, 0x0000, 0x0030, 0x4D5B, 0x6FFF, 0x1173, 0x1A57, 0x4DDF, 0x457F, 0x457F, 0x661F, 0xBF9F, 0xBF9F, 0xBF9F, 0xBF9F, 0xBF9F, 0x5E1F, 0x4DBF, 0x4DBF, 0x459F, 0x4D7F, 0x4DDF, 0x0954, 0x2AF6, 0x5FFF, 0xA65E, 0xAAD8, 0x0030, 0x0000, 0x0000, 0x0000, 0x0000, 0x0000, 0x0000,
  0x0000, 0x0000, 0x0000, 0x0000, 0x0050, 0x4D5B, 0x77FF, 0x1173, 0x1A57, 0x4DDF, 0x455F, 0x55DF, 0xB77F, 0xC7BF, 0xBF9F, 0xBF9F, 0xBF9F, 0xC7BF, 0x971F, 0x7EBF, 0x9F1F, 0x457F, 0x457F, 0x4DDF, 0x0955, 0x2B16, 0x5FFF, 0xAE7E, 0xAAD8, 0x0030, 0x0000, 0x0000, 0x0000, 0x0000, 0x0000, 0x0000,
  0x0000, 0x0000, 0x0000, 0x0000, 0x0051, 0x4D5B, 0x6FFF, 0x1173, 0x1A77, 0x4DFF, 0x457F, 0x971F, 0xBFBF, 0xBF9F, 0xBF9F, 0xBF9F, 0xBF9F, 0xBF9F, 0xBF9F, 0xBF9F, 0xBFDF, 0x6E7F, 0x3D5F, 0x4DFF, 0x0955, 0x2B16, 0x5FFF, 0xAE7E, 0xB2F8, 0x0030, 0x0000, 0x0000, 0x0000, 0x0000, 0x0000, 0x0000,
  0x0000, 0x0000, 0x0000, 0x0000, 0x0050, 0x4D5B, 0x77FF, 0x1173, 0x1A97, 0x3DBF, 0x767E, 0xC7BF, 0xB77F, 0xB77F, 0xBF7F, 0xBF9F, 0xBF9F, 0xBF9F, 0xBF7F, 0xB77F, 0xB77F, 0xB79F, 0x661F, 0x45DF, 0x0954, 0x2B16, 0x5FFF, 0xAE7E, 0xB2F8, 0x0030, 0x0000, 0x0000, 0x0000, 0x0000, 0x0000, 0x0000,
  0x0000, 0x0000, 0x0000, 0x0000, 0x0030, 0x4D5B, 0x77FF, 0x1173, 0x09F7, 0x5E7F, 0xBFFF, 0xC7FF, 0xC7FF, 0xC7FF, 0xC7FF, 0xCFFF, 0xCFFF, 0xCFFF, 0xC7FF, 0xC7FF, 0xC7FF, 0xCFFF, 0xBFFF, 0x45FF, 0x00D4, 0x2B16, 0x5FFF, 0xAE7E, 0xAAD8, 0x0031, 0x0000, 0x0000, 0x0000, 0x0000, 0x0000, 0x0000,
  0x0000, 0x0000, 0x0000, 0x0000, 0x0030, 0x4D3B, 0x77FF, 0x11B5, 0x0033, 0x2236, 0x42B6, 0x3AB6, 0x3AB6, 0x3AB6, 0x42B6, 0x42B6, 0x42D6, 0x42B6, 0x3AB6, 0x3AB6, 0x42D7, 0x42D7, 0x42F5, 0x11F7, 0x0013, 0x2B77, 0x57DF, 0xBE9E, 0xBB18, 0x0010, 0x0000, 0x0000, 0x0000, 0x0000, 0x0000, 0x0000,
  0x0000, 0x0000, 0x0000, 0x0000, 0x0030, 0x557C, 0x77FF, 0x455B, 0x08B1, 0x0071, 0x0071, 0x0071, 0x0050, 0x0071, 0x0071, 0x0071, 0x0051, 0x0050, 0x0070, 0x0050, 0x0071, 0x0071, 0x0071, 0x0071, 0x19B5, 0x66BE, 0x5F9F, 0x75FF, 0x41F8, 0x0030, 0x0000, 0x0000, 0x0000, 0x0000, 0x0000, 0x0000,
  0x0000, 0x0000, 0x0000, 0x0000, 0x0031, 0x44FB, 0x6FDF, 0x673F, 0x76DE, 0x7EDE, 0x76DE, 0x76DD, 0x7EDE, 0x86FE, 0x86FE, 0x7EFE, 0x76DD, 0x7EFE, 0x7EDE, 0x7EDD, 0x76DD, 0x76FE, 0x7EFE, 0x7EDE, 0x76DE, 0x675F, 0xA75F, 0x43FD, 0x0033, 0x10F2, 0x0000, 0x0000, 0x0000, 0x0000, 0x0000, 0x0000,
  0x0000, 0x0000, 0x0000, 0x0000, 0x0090, 0x0912, 0x66DE, 0x77FF, 0x77FF, 0x77FF, 0x6FDF, 0x6FDF, 0x77DF, 0x77FF, 0x6FBF, 0x6F7F, 0x6F7F, 0x6F9F, 0x77DF, 0x77FF, 0x6FDF, 0x67DF, 0x6FDF, 0x6FFF, 0x6FDF, 0x6FDF, 0x65BF, 0x0917, 0x0050, 0x0000, 0x0000, 0x0000, 0x0000, 0x0000, 0x0000, 0x0000,
  0x0000, 0x0000, 0x0000, 0x0000, 0x0000, 0x0070, 0x19D5, 0x3357, 0x2B17, 0x2B16, 0x2AF6, 0x2B17, 0x2B36, 0x2B16, 0x3419, 0x4E5F, 0x561F, 0x461F, 0x2BF9, 0x2B16, 0x2B58, 0x2B37, 0x22F6, 0x22F6, 0x2B17, 0x2337, 0x0155, 0x0051, 0x0912, 0x0000, 0x0000, 0x0000, 0x0000, 0x0000, 0x0000, 0x0000,
  0x0000, 0x0000, 0x0000, 0x0000, 0x0000, 0x0000, 0x0030, 0x0010, 0x0011, 0x0010, 0x0011, 0x0031, 0x000E, 0x000D, 0x0995, 0x461F, 0x357F, 0x1D1F, 0x00D4, 0x000F, 0x0011, 0x0010, 0x0010, 0x000F, 0x0011, 0x0011, 0x0051, 0x0932, 0x0000, 0x0000, 0x0000, 0x0000, 0x0000, 0x0000, 0x0000, 0x0000,
  0x0000, 0x0000, 0x0000, 0x0000, 0x0000, 0x0000, 0x0000, 0x0000, 0x0000, 0x0000, 0x0000, 0x08F2, 0x2B57, 0x457B, 0x55DC, 0x5F5F, 0x571F, 0x575F, 0x4DDC, 0x451A, 0x353B, 0x0216, 0x08D2, 0x0000, 0x0000, 0x0000, 0x0000, 0x0000, 0x0000, 0x0000, 0x0000, 0x0000, 0x0000, 0x0000, 0x0000, 0x0000,
  0x0000, 0x0000, 0x0000, 0x0000, 0x0000, 0x0000, 0x0000, 0x0000, 0x0000, 0x0000, 0x0000, 0x0010, 0x341A, 0x56DE, 0x563D, 0x561D, 0x563D, 0x563D, 0x5E5D, 0x565D, 0x35FE, 0x0237, 0x0010, 0x0000, 0x0000, 0x0000, 0x0000, 0x0000, 0x0000, 0x0000, 0x0000, 0x0000, 0x0000, 0x0000, 0x0000, 0x0000,
  0x0000, 0x0000, 0x0000, 0x0000, 0x0000, 0x0000, 0x0000, 0x0000, 0x0000, 0x0000, 0x0000, 0x0112, 0x0051, 0x002F, 0x002F, 0x0050, 0x0071, 0x0051, 0x0030, 0x002E, 0x000F, 0x0030, 0x0132, 0x0000, 0x0000, 0x0000, 0x0000, 0x0000, 0x0000, 0x0000, 0x0000, 0x0000, 0x0000, 0x0000, 0x0000, 0x0000
};

// Icon 3: gome_12.png (THU_VIEN)
static const uint16_t GOME_ICON_3[1296] PROGMEM = {
  0x0000, 0x0000, 0x0000, 0x0000, 0x0000, 0x0000, 0x0000, 0x0000, 0x0000, 0x0000, 0x0000, 0x0000, 0x0000, 0x0000, 0x0000, 0x21B5, 0x75DD, 0x5CFB, 0x5CBB, 0x5439, 0x0000, 0x0000, 0x0000, 0x0000, 0x0000, 0x0000, 0x0000, 0x0000, 0x0000, 0x0000, 0x0000, 0x0000, 0x0000, 0x0000, 0x0000, 0x0000,
  0x0000, 0x0000, 0x0000, 0x0000, 0x0000, 0x0000, 0x0000, 0x0000, 0x0000, 0x0000, 0x0000, 0x0000, 0x0000, 0x0000, 0x0000, 0x4B77, 0x86DE, 0x64BA, 0x85BB, 0x7DDD, 0x1114, 0x0000, 0x0000, 0x0000, 0x0000, 0x0000, 0x0000, 0x0000, 0x0000, 0x0000, 0x0000, 0x0000, 0x0000, 0x0000, 0x0000, 0x0000,
  0x0000, 0x0000, 0x0000, 0x0000, 0x0000, 0x0000, 0x0000, 0x0000, 0x0000, 0x0000, 0x0000, 0x0000, 0x0000, 0x0000, 0x0000, 0x4BB8, 0x5CFC, 0x2195, 0x2294, 0x4C9B, 0x08D4, 0x0000, 0x0000, 0x0000, 0x0000, 0x0000, 0x0000, 0x0000, 0x0000, 0x0000, 0x0000, 0x0000, 0x0000, 0x0000, 0x0000, 0x0000,
  0x0000, 0x0000, 0x0000, 0x0000, 0x0000, 0x0000, 0x0000, 0x0000, 0x0000, 0x0000, 0x0000, 0x0000, 0x0000, 0x0000, 0x0000, 0x3399, 0x445B, 0x4256, 0x3339, 0x1A56, 0x0000, 0x0000, 0x0000, 0x000F, 0x0000, 0x0000, 0x0000, 0x0000, 0x0000, 0x0000, 0x0000, 0x0000, 0x0000, 0x0000, 0x0000, 0x0000,
  0x0000, 0x0000, 0x0000, 0x0000, 0x0000, 0x0000, 0x0000, 0x0000, 0x0000, 0x0000, 0x0000, 0x0000, 0x0000, 0x0000, 0x10B2, 0x10D2, 0x2357, 0x1AF6, 0x18F3, 0x2994, 0x0000, 0x0051, 0x10F2, 0x5B38, 0x31F4, 0x0000, 0x0000, 0x0000, 0x0000, 0x0000, 0x0000, 0x0000, 0x0000, 0x0000, 0x0000, 0x0000,
  0x0000, 0x0000, 0x0000, 0x0000, 0x0000, 0x0000, 0x0000, 0x0000, 0x0000, 0x0000, 0x10D1, 0x52F7, 0x2994, 0x0072, 0x3B19, 0x32F7, 0x0973, 0x11F3, 0x3316, 0x1A56, 0x08F1, 0x7C18, 0xCE9D, 0xFFFF, 0xCDFB, 0x08B1, 0x0000, 0x0000, 0x0000, 0x0000, 0x0000, 0x0000, 0x0000, 0x0000, 0x0000, 0x0000,
  0x0000, 0x0000, 0x0000, 0x0000, 0x0000, 0x0000, 0x0000, 0x0000, 0x0000, 0x0031, 0x73D8, 0xFFFF, 0xDEFE, 0x6B98, 0x53D7, 0x547A, 0x9D9C, 0xBE1C, 0x9E9F, 0xAEDE, 0x6C9A, 0xAE1C, 0xFFFF, 0xFCB5, 0xDDDB, 0x1133, 0x0000, 0x0000, 0x0000, 0x0000, 0x0000, 0x0000, 0x0000, 0x0000, 0x0000, 0x0000,
  0x0000, 0x0000, 0x0000, 0x0000, 0x0000, 0x0000, 0x0000, 0x0000, 0x0000, 0x3A76, 0xF6FD, 0xFC75, 0xFF9E, 0xF7DF, 0x3AD4, 0x9DFD, 0xCEDF, 0xBE7F, 0xADDD, 0xBDFD, 0xCF5F, 0x757C, 0x83F7, 0xFCF6, 0xDDBA, 0x1133, 0x0000, 0x0000, 0x0000, 0x0000, 0x0000, 0x0000, 0x0000, 0x0000, 0x0000, 0x0000,
  0x0000, 0x0000, 0x0000, 0x0000, 0x0000, 0x0000, 0x0000, 0x0000, 0x0030, 0x951B, 0xFF1C, 0xF475, 0xFE79, 0x7C99, 0x9DFD, 0xDF3F, 0xBE5E, 0xDEFE, 0xF7DF, 0xDF1E, 0xD6BE, 0xDF5F, 0x54BC, 0x8419, 0xEE9C, 0x1112, 0x0000, 0x0000, 0x0000, 0x0000, 0x0000, 0x0000, 0x0000, 0x0000, 0x0000, 0x0000,
  0x0000, 0x0000, 0x0000, 0x0000, 0x0000, 0x0000, 0x0000, 0x0000, 0x10D1, 0xCEBE, 0xFDDA, 0xFF3C, 0xBDFB, 0x6419, 0xEFDF, 0xDEFE, 0xE73E, 0xE73E, 0xEF7E, 0xEF7E, 0xDF3E, 0xEF5E, 0xDF5F, 0x5C7C, 0x9D1B, 0x2152, 0x0000, 0x0000, 0x0000, 0x0000, 0x0000, 0x0000, 0x0000, 0x0000, 0x0000, 0x0000,
  0x0000, 0x0000, 0x0000, 0x0000, 0x0000, 0x0000, 0x0000, 0x0000, 0x1912, 0xCEBE, 0xFD99, 0xFF3D, 0x6C58, 0xAE1E, 0xF79F, 0xE75E, 0xEF5E, 0xEF7F, 0xF7BE, 0xF7BE, 0xEF7E, 0xEF9F, 0xF75E, 0xC75F, 0x1A97, 0x2952, 0x0000, 0x0000, 0x0000, 0x0000, 0x0000, 0x0000, 0x0000, 0x0000, 0x0000, 0x0000,
  0x0000, 0x0000, 0x0000, 0x0000, 0x0000, 0x0000, 0x0000, 0x0000, 0x1112, 0xD6BD, 0xFF9E, 0xBDB9, 0x749A, 0xF7DF, 0xDF1E, 0xF7BE, 0xEF5E, 0xE73E, 0xFFDF, 0xFFDF, 0xE75E, 0xE73E, 0xE73E, 0xEFBF, 0x853C, 0x0894, 0x0000, 0x0000, 0x0000, 0x0000, 0x0000, 0x0000, 0x0000, 0x0000, 0x0000, 0x0000,
  0x0000, 0x0000, 0x0000, 0x0000, 0x0000, 0x0000, 0x0000, 0x0000, 0x29F5, 0xCE9D, 0xFFFF, 0x73F5, 0xA5FD, 0xF79E, 0xD6DE, 0xFFDF, 0xD6BD, 0xCE7D, 0xF79E, 0xF7BE, 0xD6FE, 0xCEBE, 0xF79F, 0xEF5E, 0xD77F, 0x22B8, 0x18F3, 0x0000, 0x0000, 0x0000, 0x0000, 0x0000, 0x0000, 0x0000, 0x0000, 0x0000,
  0x0000, 0x0000, 0x0000, 0x0000, 0x0000, 0x0000, 0x0000, 0x3AD7, 0x63FA, 0x9D7C, 0xEF3D, 0x6376, 0xDF5F, 0xE73E, 0xD6FE, 0xFFFF, 0xBDDB, 0xBDDB, 0xF7BF, 0xF79E, 0xD6BD, 0x9416, 0xF7BF, 0xC67D, 0xEF9F, 0x857C, 0x0091, 0x0000, 0x0000, 0x0000, 0x0000, 0x0000, 0x0000, 0x0000, 0x0000, 0x0000,
  0x0000, 0x0000, 0x0000, 0x0000, 0x0000, 0x0000, 0x0000, 0x42F7, 0xAE1E, 0x8478, 0xBDB8, 0x7418, 0xFFFF, 0xDEFD, 0xD6DD, 0xE75E, 0xB4F7, 0xC5DA, 0xEF9F, 0xEF7E, 0xB61D, 0xB474, 0xD65A, 0xBE7E, 0xEF3E, 0xDEFF, 0x84BA, 0x1973, 0x0000, 0x0000, 0x0000, 0x0000, 0x0000, 0x0000, 0x0000, 0x0000,
  0x0000, 0x0000, 0x0000, 0x0000, 0x0000, 0x0000, 0x0000, 0x84BB, 0xB63B, 0x3A0D, 0x528D, 0x9D5B, 0xF7BF, 0xD6FD, 0xD6DE, 0xD69C, 0xF6B9, 0xDE39, 0xEF5E, 0xEFBF, 0xA51B, 0xEE77, 0xD597, 0xA57C, 0xFFFF, 0x7C9B, 0x859C, 0x2A35, 0x0000, 0x0000, 0x0000, 0x0000, 0x0000, 0x0000, 0x0000, 0x0000,
  0x0000, 0x0000, 0x0000, 0x0000, 0x0000, 0x0000, 0x08B0, 0xADBC, 0xBDD8, 0x11AF, 0x19CD, 0xAD9A, 0xF7BF, 0xCEDE, 0xC65E, 0xC577, 0xD5D5, 0xE639, 0xD6BD, 0xC5DB, 0xC4F5, 0x49E7, 0x39A7, 0xAC13, 0xF7DF, 0x8CDA, 0x00B0, 0x19D5, 0x0000, 0x0000, 0x0000, 0x0000, 0x0000, 0x0000, 0x0000, 0x0000,
  0x0000, 0x0000, 0x0000, 0x0000, 0x0000, 0x0000, 0x1993, 0xD71F, 0xB5D9, 0x08A7, 0x1908, 0xBE1C, 0xF7DF, 0xC63C, 0x8350, 0x18C7, 0x0889, 0xAC92, 0xCDB9, 0xF6DA, 0xAC71, 0x0153, 0x4A91, 0x3988, 0xEFBF, 0x951B, 0x10F2, 0x0000, 0x0000, 0x0000, 0x0000, 0x0000, 0x0000, 0x0000, 0x0000, 0x0000,
  0x0000, 0x0000, 0x0000, 0x0000, 0x0000, 0x0000, 0x2193, 0xDF3F, 0x8475, 0x08C9, 0x10EA, 0xA558, 0xFFFF, 0xBD78, 0x2085, 0x22D9, 0x22DB, 0xC597, 0xFF5A, 0xFF9B, 0xA57B, 0x0ABF, 0xB55C, 0x8B31, 0xE79F, 0x953C, 0x00F3, 0x0000, 0x0000, 0x0000, 0x0000, 0x0000, 0x0000, 0x0000, 0x0000, 0x0000,
  0x0000, 0x0000, 0x0000, 0x0000, 0x0000, 0x0000, 0x3A34, 0xEF9F, 0x5B32, 0xBC95, 0x8372, 0x6393, 0xFFFF, 0xAD99, 0x6A4E, 0x54BF, 0x033E, 0xCE5B, 0xFF7A, 0xFF5B, 0xA63C, 0x059F, 0xBDDA, 0xAC76, 0xD73F, 0x645A, 0x19F5, 0x0000, 0x0000, 0x0000, 0x0000, 0x0000, 0x0000, 0x0000, 0x0000, 0x0000,
  0x0000, 0x0000, 0x0000, 0x0000, 0x0000, 0x0000, 0x3A35, 0xCE9D, 0x62D3, 0xFE1D, 0xEC97, 0x424F, 0xF7FF, 0xEF7E, 0xDCD4, 0x869D, 0x263F, 0xDEBA, 0xFF5A, 0xFF7B, 0xEF1A, 0xB69A, 0xDD35, 0x9CF7, 0xA61E, 0x53B9, 0x547A, 0x0012, 0x0000, 0x0000, 0x0000, 0x0000, 0x0000, 0x0000, 0x0000, 0x0000,
  0x0000, 0x0000, 0x0000, 0x0000, 0x0000, 0x0000, 0x7418, 0xDF3E, 0x5211, 0xB398, 0x4174, 0x1113, 0x4B3A, 0x4B39, 0x4216, 0xBDD8, 0xE75B, 0xFFDC, 0xFF7B, 0xFEB9, 0xFF7A, 0xFF7A, 0xCD15, 0x7CF8, 0x4B59, 0x3214, 0x543A, 0x5CFD, 0x2257, 0x0000, 0x0000, 0x0000, 0x0000, 0x0000, 0x0000, 0x0000,
  0x0000, 0x0000, 0x0000, 0x0000, 0x0000, 0x00F3, 0x9D7D, 0xF7DF, 0x6396, 0x2152, 0x7D3B, 0x95FD, 0x7D7C, 0x8DDD, 0x5C3B, 0x2133, 0x5253, 0x4A75, 0x49F3, 0x4151, 0x4233, 0x4252, 0x2130, 0x2A15, 0x9D3B, 0xDEFD, 0x4A33, 0x0953, 0x2295, 0x0000, 0x0000, 0x0000, 0x0000, 0x0000, 0x0000, 0x0000,
  0x0000, 0x0000, 0x0000, 0x0000, 0x0000, 0x5BD9, 0x84DB, 0xCE9F, 0xA53A, 0x3B37, 0xB7FF, 0x8F7F, 0x879F, 0x8F5F, 0x9FFF, 0x657C, 0x3BD9, 0x3BF9, 0x33F9, 0x3C19, 0x33B9, 0x2B98, 0x2BB9, 0x3AD7, 0xFFBE, 0xFFFD, 0xACF8, 0x2296, 0x1973, 0x0000, 0x0000, 0x0000, 0x0000, 0x0000, 0x0000, 0x0000,
  0x0000, 0x0000, 0x0000, 0x0000, 0x10D2, 0x64DB, 0x21F5, 0xCE9E, 0x9CFA, 0x2B18, 0x66FF, 0x459F, 0x45BF, 0x3D9F, 0x4E1F, 0x9FBF, 0xBFFF, 0xAFFF, 0xAFFF, 0xB7FF, 0xAFFF, 0xC7FF, 0x97BF, 0x031C, 0x62D6, 0x9437, 0x21F7, 0x3D3F, 0x1174, 0x0000, 0x0000, 0x0000, 0x0000, 0x0000, 0x0000, 0x0000,
  0x0000, 0x0000, 0x0000, 0x0000, 0x1913, 0x445A, 0x2295, 0xE77F, 0x8C59, 0x22F7, 0x569F, 0x457F, 0x4DBF, 0x4DBF, 0x459F, 0x4DDF, 0x4DDF, 0x4DDF, 0x4DFF, 0x4DDF, 0x45DF, 0x5E1F, 0xA79F, 0x453F, 0x129B, 0x1A9A, 0x1B5C, 0x23DE, 0x0915, 0x0052, 0x0000, 0x0000, 0x0000, 0x0000, 0x0000, 0x0000,
  0x0000, 0x0000, 0x0000, 0x0000, 0x0000, 0x3378, 0x855B, 0xF7DF, 0x7C3A, 0x22F7, 0x5E9F, 0x459F, 0x45BF, 0x4DBF, 0x4DDF, 0x4DBF, 0x45BF, 0x45DF, 0x4DBF, 0x45DF, 0x4DDF, 0x4DBF, 0x563F, 0xA79F, 0xA79F, 0x9FBF, 0xA75F, 0xB79F, 0x85DC, 0x08B2, 0x0000, 0x0000, 0x0000, 0x0000, 0x0000, 0x0000,
  0x0000, 0x0000, 0x0000, 0x0000, 0x0000, 0x0155, 0xA5FE, 0xFFFF, 0x7C39, 0x22D6, 0x5E9F, 0x459F, 0x45BF, 0x4DBF, 0x4DBF, 0x45BF, 0x7D9E, 0x759E, 0x3DBF, 0x859E, 0x6DFF, 0x4DDF, 0x4DBF, 0x561F, 0x563F, 0x561F, 0x561F, 0x5E3F, 0x7EFF, 0x1152, 0x0000, 0x0000, 0x0000, 0x0000, 0x0000, 0x0000,
  0x0000, 0x0000, 0x0000, 0x0000, 0x0000, 0x2A36, 0xC69E, 0xE77F, 0x73F9, 0x22F6, 0x5E9F, 0x459F, 0x4DBF, 0x4DBF, 0x45BF, 0x65BE, 0xFD3B, 0xED5C, 0x95BE, 0xFCFB, 0xDD7C, 0x55DF, 0x4DDF, 0x4DBF, 0x4DBF, 0x4DBF, 0x4DBF, 0x45BF, 0x45BF, 0x0932, 0x0000, 0x0000, 0x0000, 0x0000, 0x0000, 0x0000,
  0x0000, 0x0000, 0x0000, 0x0000, 0x0000, 0x2A56, 0xB6BF, 0xCEFF, 0x4B19, 0x2B16, 0x5E9F, 0x457F, 0x4DBF, 0x4DBF, 0x3DBF, 0x9D7D, 0xFD1C, 0xFD5C, 0xFD5C, 0xFD3C, 0xFD1B, 0x759E, 0x45DF, 0x4DBF, 0x4DBF, 0x4DBF, 0x4DBF, 0x45BF, 0x4DBE, 0x0913, 0x0000, 0x0000, 0x0000, 0x0000, 0x0000, 0x0000,
  0x0000, 0x0000, 0x0000, 0x0000, 0x0000, 0x1235, 0x6D7D, 0xC6FF, 0x42D9, 0x2B37, 0x5E9F, 0x457F, 0x4DBF, 0x4D9F, 0x3DBF, 0x9D7E, 0xFD1C, 0xFD3C, 0xFD3C, 0xFD3C, 0xFD3C, 0x759E, 0x45BF, 0x4DBF, 0x4DBF, 0x4DBF, 0x4DBF, 0x4DDF, 0x351F, 0x0114, 0x0000, 0x0000, 0x0000, 0x0000, 0x0000, 0x0000,
  0x0000, 0x0000, 0x0000, 0x0000, 0x0000, 0x0110, 0x22B7, 0xC75F, 0x63BA, 0x22F7, 0x569F, 0x457F, 0x4DBF, 0x4DBF, 0x45BF, 0x5DBF, 0xED1C, 0xFD1C, 0xF53C, 0xFD3C, 0xCD7D, 0x4DBF, 0x4DBF, 0x4DBF, 0x4DBF, 0x4DBF, 0x45BF, 0x4E3F, 0x2BBB, 0x0031, 0x0000, 0x0000, 0x0000, 0x0000, 0x0000, 0x0000,
  0x0000, 0x0000, 0x0000, 0x0000, 0x0000, 0x0000, 0x08D3, 0x645C, 0x6BFA, 0x2AF6, 0x5EBF, 0x457F, 0x4DBF, 0x45BF, 0x4DBF, 0x3DBF, 0x859E, 0xFD3C, 0xFD3C, 0xED3C, 0x5D9F, 0x45BF, 0x4DBF, 0x4DBF, 0x45BF, 0x45BF, 0x45BF, 0x4E3F, 0x2B3A, 0x000F, 0x0000, 0x0000, 0x0000, 0x0000, 0x0000, 0x0000,
  0x0000, 0x0000, 0x0000, 0x0000, 0x0000, 0x0000, 0x0000, 0x0933, 0x10F4, 0x3B98, 0x5EBF, 0x457F, 0x459F, 0x459F, 0x45BF, 0x4DBF, 0x45BF, 0xA55D, 0xFCFB, 0x7D7E, 0x3D9F, 0x4D9F, 0x459F, 0x4D9F, 0x459F, 0x459F, 0x45BF, 0x4DFF, 0x0A18, 0x0000, 0x0000, 0x0000, 0x0000, 0x0000, 0x0000, 0x0000,
  0x0000, 0x0000, 0x0000, 0x0000, 0x0000, 0x0000, 0x0000, 0x0000, 0x0010, 0x22B7, 0x569F, 0x4DFF, 0x4E1F, 0x4DFF, 0x4E1F, 0x4E1F, 0x4E1F, 0x4DFF, 0x75BF, 0x4DDF, 0x4DFF, 0x4DFF, 0x4DFF, 0x4DFF, 0x4DFF, 0x4DFF, 0x4E3F, 0x3D7F, 0x00D2, 0x0000, 0x0000, 0x0000, 0x0000, 0x0000, 0x0000, 0x0000,
  0x0000, 0x0000, 0x0000, 0x0000, 0x0000, 0x0000, 0x0000, 0x0000, 0x0000, 0x0092, 0x2B39, 0x2B99, 0x2B79, 0x2B59, 0x2B79, 0x2B79, 0x2B59, 0x2B79, 0x2379, 0x2B59, 0x2B59, 0x2B79, 0x2B59, 0x2B79, 0x2B79, 0x2B59, 0x2BB9, 0x1237, 0x0051, 0x0000, 0x0000, 0x0000, 0x0000, 0x0000, 0x0000, 0x0000
};

// Icon 4: gome_13.png (BO_NHO)
static const uint16_t GOME_ICON_4[1296] PROGMEM = {
  0x0000, 0x0000, 0x0000, 0x0000, 0x0000, 0x0000, 0x0000, 0x0000, 0x0000, 0x0000, 0x0000, 0x0000, 0x0000, 0x0000, 0x0000, 0x0000, 0x0000, 0x0000, 0x0000, 0x0000, 0x0000, 0x0000, 0x0000, 0x0000, 0x0000, 0x0000, 0x0000, 0x0000, 0x0000, 0x0000, 0x0000, 0x0000, 0x0000, 0x0000, 0x0000, 0x0000,
  0x0000, 0x0000, 0x0000, 0x0000, 0x0000, 0x0000, 0x0000, 0x0000, 0x0000, 0x0000, 0x0000, 0x0000, 0x0000, 0x0000, 0x0000, 0x0000, 0x0000, 0x0000, 0x0000, 0x0000, 0x0000, 0x0000, 0x0000, 0x0000, 0x0000, 0x0000, 0x0000, 0x0000, 0x0000, 0x0000, 0x0000, 0x0000, 0x0000, 0x0000, 0x0000, 0x0000,
  0x0000, 0x0000, 0x0000, 0x0000, 0x0000, 0x0000, 0x0000, 0x0000, 0x0000, 0x0000, 0x0000, 0x0000, 0x0000, 0x0000, 0x0000, 0x0000, 0x0000, 0x0000, 0x0000, 0x0000, 0x0000, 0x0000, 0x0000, 0x0000, 0x0000, 0x0000, 0x0000, 0x0000, 0x0000, 0x0000, 0x0000, 0x0000, 0x0000, 0x0000, 0x0000, 0x0000,
  0x0000, 0x0000, 0x0000, 0x0000, 0x0000, 0x0000, 0x0000, 0x0000, 0x0000, 0x0000, 0x0000, 0x0000, 0x0000, 0x0000, 0x0000, 0x0000, 0x0000, 0x0000, 0x0000, 0x0000, 0x0000, 0x0000, 0x0000, 0x0000, 0x0000, 0x0000, 0x0000, 0x0000, 0x0000, 0x0000, 0x0000, 0x0000, 0x0000, 0x0000, 0x0000, 0x0000,
  0x0000, 0x0000, 0x0000, 0x0000, 0x0000, 0x0000, 0x0000, 0x0000, 0x0000, 0x0000, 0x0000, 0x0000, 0x0000, 0x0000, 0x0000, 0x0000, 0x0000, 0x0000, 0x0000, 0x0000, 0x0000, 0x0000, 0x0000, 0x0000, 0x0000, 0x0000, 0x0000, 0x0000, 0x0000, 0x0000, 0x0000, 0x0000, 0x0000, 0x0000, 0x0000, 0x0000,
  0x0000, 0x0000, 0x0000, 0x0000, 0x0000, 0x0000, 0x0000, 0x0000, 0x0000, 0x0000, 0x0000, 0x0000, 0x0000, 0x0000, 0x0000, 0x0000, 0x0000, 0x0000, 0x0000, 0x0000, 0x0000, 0x0000, 0x0000, 0x0000, 0x0000, 0x0000, 0x0000, 0x0000, 0x0000, 0x0000, 0x0000, 0x0000, 0x0000, 0x0000, 0x0000, 0x0000,
  0x0000, 0x0000, 0x0000, 0x0000, 0x0000, 0x0000, 0x0000, 0x0000, 0x0000, 0x0000, 0x0000, 0x0000, 0x0000, 0x0000, 0x0000, 0x0000, 0x0000, 0x0000, 0x0000, 0x0000, 0x0000, 0x0000, 0x0000, 0x0000, 0x0000, 0x0000, 0x0000, 0x0000, 0x0000, 0x0000, 0x0000, 0x0000, 0x0000, 0x0000, 0x0000, 0x0000,
  0x0000, 0x0000, 0x0000, 0x0000, 0x0000, 0x0000, 0x0000, 0x0000, 0x0000, 0x0000, 0x0000, 0x0000, 0x0000, 0x0000, 0x0000, 0x0000, 0x0000, 0x0000, 0x0000, 0x0000, 0x0000, 0x0000, 0x0000, 0x0000, 0x0000, 0x0000, 0x0000, 0x0000, 0x0000, 0x0000, 0x0000, 0x0000, 0x0000, 0x0000, 0x0000, 0x0000,
  0x0000, 0x0000, 0x0000, 0x0000, 0x0000, 0x0000, 0x0000, 0x0000, 0x0000, 0x0000, 0x0000, 0x0000, 0x0000, 0x0000, 0x0000, 0x0000, 0x0000, 0x0000, 0x0000, 0x0000, 0x0000, 0x0000, 0x0000, 0x0000, 0x0000, 0x0000, 0x0000, 0x0000, 0x0000, 0x0000, 0x0000, 0x0000, 0x0000, 0x0000, 0x0000, 0x0000,
  0x0000, 0x0000, 0x0000, 0x0000, 0x0000, 0x0000, 0x0000, 0x0000, 0x0000, 0x0000, 0x0000, 0x0000, 0x0000, 0x0000, 0x0000, 0x0932, 0x0010, 0x0010, 0x000F, 0x000F, 0x000F, 0x0010, 0x0010, 0x000F, 0x000F, 0x0010, 0x0010, 0x0000, 0x0000, 0x0000, 0x0000, 0x0000, 0x0000, 0x0000, 0x0000, 0x0000,
  0x0000, 0x0000, 0x0000, 0x0000, 0x0000, 0x0000, 0x0000, 0x0000, 0x0000, 0x0000, 0x0000, 0x0000, 0x0000, 0x0000, 0x0000, 0x0092, 0x2AF6, 0x3BD8, 0x33B8, 0x33B7, 0x33D8, 0x33D8, 0x33D8, 0x2BB7, 0x33B7, 0x33D8, 0x22B7, 0x0031, 0x0000, 0x0000, 0x0000, 0x0000, 0x0000, 0x0000, 0x0000, 0x0000,
  0x0000, 0x0000, 0x0000, 0x0000, 0x0000, 0x0000, 0x0000, 0x0000, 0x0000, 0x0000, 0x0000, 0x0000, 0x0000, 0x0000, 0x0051, 0x3BB9, 0x87FF, 0x775F, 0x777F, 0x777F, 0x6F7F, 0x777F, 0x6F5F, 0x675F, 0x6F3F, 0x77FF, 0x671F, 0x0114, 0x0050, 0x0000, 0x0000, 0x0000, 0x0000, 0x0000, 0x0000, 0x0000,
  0x0000, 0x0000, 0x0000, 0x0000, 0x0000, 0x0000, 0x0000, 0x0000, 0x0000, 0x0000, 0x0000, 0x0000, 0x0000, 0x0031, 0x2A97, 0x8FFF, 0x5D3D, 0x0178, 0x09D8, 0x09B8, 0x0997, 0x09B8, 0x0997, 0x09B8, 0x11B8, 0x4C7B, 0x5EFF, 0x027A, 0x000F, 0x0000, 0x0000, 0x0000, 0x0000, 0x0000, 0x0000, 0x0000,
  0x0000, 0x0000, 0x0000, 0x0000, 0x0000, 0x0000, 0x0000, 0x0000, 0x0000, 0x0000, 0x0000, 0x0000, 0x00B1, 0x1133, 0x7F1E, 0x5E3E, 0x4B3B, 0x9CFC, 0x941A, 0x93BA, 0x9CDB, 0x9BFA, 0x9C7B, 0xA4DC, 0x3A38, 0x22B9, 0x56DF, 0x027B, 0x0030, 0x0000, 0x0000, 0x0000, 0x0000, 0x0000, 0x0000, 0x0000,
  0x0000, 0x0000, 0x0000, 0x0000, 0x0000, 0x0000, 0x0000, 0x0000, 0x0000, 0x0000, 0x0000, 0x1192, 0x0050, 0x65BC, 0x87BF, 0x22BB, 0xACDC, 0xFF9E, 0xFE3D, 0xFDDD, 0xFF9F, 0xFDBC, 0xFE5D, 0xFF1E, 0x5AB9, 0x22B9, 0x5EDF, 0x027B, 0x0030, 0x0000, 0x0000, 0x0000, 0x0000, 0x0000, 0x0000, 0x0000,
  0x0000, 0x0000, 0x0000, 0x0000, 0x0000, 0x0000, 0x0000, 0x0000, 0x0000, 0x0000, 0x0000, 0x0031, 0x43D8, 0x87FF, 0x441C, 0x1179, 0xB53C, 0xFEDD, 0xF63D, 0xF5DC, 0xFEFE, 0xF51B, 0xF57C, 0xFEBD, 0x52D9, 0x22B9, 0x66DF, 0x029B, 0x0030, 0x0000, 0x0000, 0x0000, 0x0000, 0x0000, 0x0000, 0x0000,
  0x0000, 0x0000, 0x0000, 0x0000, 0x0000, 0x0000, 0x0000, 0x0000, 0x0000, 0x0000, 0x000F, 0x2A76, 0x87FF, 0x4D3C, 0x19B9, 0x11D9, 0xAD1B, 0xFEFD, 0xF67D, 0xFDFD, 0xFEFE, 0xF4DB, 0xF5BD, 0xFF1E, 0x5B1A, 0x22D9, 0x5EDF, 0x027B, 0x0030, 0x0000, 0x0000, 0x0000, 0x0000, 0x0000, 0x0000, 0x0000,
  0x0000, 0x0000, 0x0000, 0x0000, 0x0000, 0x0000, 0x0000, 0x0000, 0x0000, 0x006F, 0x1112, 0x76FE, 0x66BE, 0x19F9, 0x19F9, 0x11D9, 0xACBB, 0xFEBD, 0xF67D, 0xF59C, 0xFE9E, 0xECDB, 0xEDDD, 0xFEFE, 0x5AFA, 0x2299, 0x5EDF, 0x029B, 0x0030, 0x0000, 0x0000, 0x0000, 0x0000, 0x0000, 0x0000, 0x0000,
  0x0000, 0x0000, 0x0000, 0x0000, 0x0000, 0x0000, 0x0000, 0x0000, 0x0000, 0x000F, 0x3C18, 0x777F, 0x2ADA, 0x19D9, 0x2219, 0x11B9, 0xB4BB, 0xFEDD, 0xFE7D, 0xFD7C, 0xFEBD, 0xF55C, 0xF5FC, 0xFEDE, 0x5299, 0x3B9A, 0x6F3F, 0x023A, 0x0030, 0x0000, 0x0000, 0x0000, 0x0000, 0x0000, 0x0000, 0x0000,
  0x0000, 0x0000, 0x0000, 0x0000, 0x0000, 0x0000, 0x0000, 0x0000, 0x0000, 0x000E, 0x3C38, 0x5E5F, 0x1199, 0x1A19, 0x19F9, 0x19F9, 0x4ADA, 0x637A, 0x5B1A, 0x5AF9, 0x5B5A, 0x5AFA, 0x5AFA, 0x5B5A, 0x2198, 0x5D9D, 0x4DBE, 0x0074, 0x0071, 0x0000, 0x0000, 0x0000, 0x0000, 0x0000, 0x0000, 0x0000,
  0x0000, 0x0000, 0x0000, 0x0000, 0x0000, 0x0000, 0x0000, 0x0000, 0x0000, 0x000E, 0x3C38, 0x771F, 0x1A1A, 0x19F9, 0x19F9, 0x1A19, 0x11D9, 0x11B9, 0x11B8, 0x11D9, 0x11B8, 0x11B8, 0x11D9, 0x11D9, 0x1178, 0x5D9D, 0x34DD, 0x0010, 0x0000, 0x0000, 0x0000, 0x0000, 0x0000, 0x0000, 0x0000, 0x0000,
  0x0000, 0x0000, 0x0000, 0x0000, 0x0000, 0x0000, 0x0000, 0x0000, 0x0000, 0x000F, 0x1AF9, 0x56DF, 0x44BB, 0x1998, 0x1A19, 0x2219, 0x2219, 0x2219, 0x2219, 0x2219, 0x2219, 0x19F9, 0x2219, 0x2239, 0x1999, 0x5D9D, 0x2CDC, 0x0010, 0x0000, 0x0000, 0x0000, 0x0000, 0x0000, 0x0000, 0x0000, 0x0000,
  0x0000, 0x0000, 0x0000, 0x0000, 0x0000, 0x0000, 0x0000, 0x0000, 0x0000, 0x0091, 0x0052, 0x2B98, 0x559D, 0x1198, 0x1A19, 0x1199, 0x0978, 0x11D8, 0x11B8, 0x0978, 0x11B8, 0x19F9, 0x19F9, 0x1A19, 0x1198, 0x559D, 0x2CBC, 0x0011, 0x0000, 0x0000, 0x0000, 0x0000, 0x0000, 0x0000, 0x0000, 0x0000,
  0x0000, 0x0000, 0x0000, 0x0000, 0x0000, 0x0000, 0x0000, 0x0000, 0x0000, 0x0000, 0x000F, 0x3336, 0x55BE, 0x1198, 0x2239, 0x951C, 0xBE3D, 0x4B39, 0x6C3B, 0xB61D, 0x6C3B, 0x11D9, 0x1A19, 0x1A19, 0x1198, 0x555D, 0x4E7F, 0x01B8, 0x0051, 0x0000, 0x0000, 0x0000, 0x0000, 0x0000, 0x0000, 0x0000,
  0x0000, 0x0000, 0x0000, 0x0000, 0x0000, 0x0000, 0x0000, 0x0000, 0x0000, 0x0000, 0x000F, 0x3357, 0x5DDE, 0x0138, 0x745C, 0xDF1E, 0x84BB, 0x3AB9, 0xC67E, 0xADBC, 0xC67D, 0x5B9B, 0x11B9, 0x2219, 0x1198, 0x555C, 0x5F3F, 0x023B, 0x0030, 0x0000, 0x0000, 0x0000, 0x0000, 0x0000, 0x0000, 0x0000,
  0x0000, 0x0000, 0x0000, 0x0000, 0x0000, 0x0000, 0x0000, 0x0000, 0x0000, 0x0000, 0x0010, 0x2AF6, 0x65DE, 0x0959, 0x537A, 0xD6DE, 0x953C, 0x19F9, 0xC67D, 0x3A78, 0x8CFB, 0x6C3C, 0x0998, 0x2219, 0x1198, 0x555C, 0x5EFF, 0x021B, 0x0030, 0x0000, 0x0000, 0x0000, 0x0000, 0x0000, 0x0000, 0x0000,
  0x0000, 0x0000, 0x0000, 0x0000, 0x0000, 0x0000, 0x0000, 0x0000, 0x0000, 0x0070, 0x19D5, 0x6DDC, 0x5DBD, 0x1178, 0x2239, 0x4B7A, 0xDF1E, 0x84BB, 0xADDD, 0x5359, 0xB5FC, 0x641C, 0x0999, 0x2219, 0x1198, 0x553C, 0x5F1F, 0x023B, 0x0030, 0x0000, 0x0000, 0x0000, 0x0000, 0x0000, 0x0000, 0x0000,
  0x0000, 0x0000, 0x0000, 0x0000, 0x0000, 0x0000, 0x0000, 0x0000, 0x0000, 0x000F, 0x4459, 0x9FFF, 0x3B9B, 0x0958, 0x4B5A, 0xD6DE, 0xEF7F, 0x537A, 0xB5FD, 0xF7BF, 0xBE1D, 0x1A19, 0x19F9, 0x1A19, 0x1198, 0x553C, 0x5F1F, 0x023B, 0x0030, 0x0000, 0x0000, 0x0000, 0x0000, 0x0000, 0x0000, 0x0000,
  0x0000, 0x0000, 0x0000, 0x0000, 0x0000, 0x0000, 0x0000, 0x0000, 0x0000, 0x000F, 0x3C39, 0x5E9F, 0x11B9, 0x19F9, 0x19F8, 0x4B1A, 0x4B1A, 0x19D8, 0x431A, 0x63BB, 0x3279, 0x19D8, 0x2219, 0x1A19, 0x1198, 0x553C, 0x5F1F, 0x023B, 0x0050, 0x0000, 0x0000, 0x0000, 0x0000, 0x0000, 0x0000, 0x0000,
  0x0000, 0x0000, 0x0000, 0x0000, 0x0000, 0x0000, 0x0000, 0x0000, 0x0000, 0x000F, 0x3C39, 0x5E9F, 0x11B9, 0x1A19, 0x11B8, 0x0137, 0x0137, 0x1198, 0x0979, 0x0158, 0x0998, 0x11B8, 0x0998, 0x19F9, 0x1199, 0x553C, 0x5F1F, 0x023B, 0x0050, 0x0000, 0x0000, 0x0000, 0x0000, 0x0000, 0x0000, 0x0000,
  0x0000, 0x0000, 0x0000, 0x0000, 0x0000, 0x0000, 0x0000, 0x0000, 0x0000, 0x000F, 0x3C39, 0x5EBF, 0x19B8, 0x11F9, 0x52F9, 0x6B99, 0x6B9A, 0x6B9A, 0x739A, 0x6B9A, 0x6B9A, 0x6B9A, 0x6B9A, 0x2A59, 0x1179, 0x5D5C, 0x5F1F, 0x023B, 0x0050, 0x0000, 0x0000, 0x0000, 0x0000, 0x0000, 0x0000, 0x0000,
  0x0000, 0x0000, 0x0000, 0x0000, 0x0000, 0x0000, 0x0000, 0x0000, 0x0000, 0x000F, 0x3C39, 0x5EBF, 0x11B8, 0x3279, 0xFDDC, 0xFE5D, 0xFE5D, 0xFE3D, 0xFE3D, 0xFE3D, 0xFE5D, 0xFE3D, 0xFE5D, 0xAC7B, 0x0979, 0x555C, 0x5F1F, 0x023B, 0x0030, 0x0000, 0x0000, 0x0000, 0x0000, 0x0000, 0x0000, 0x0000,
  0x0000, 0x0000, 0x0000, 0x0000, 0x0000, 0x0000, 0x0000, 0x0000, 0x0000, 0x000F, 0x3C39, 0x5E7F, 0x0118, 0x3A39, 0xE51C, 0xE4FC, 0xE4FC, 0xE4DC, 0xE4DC, 0xE4DC, 0xE4DC, 0xDCBB, 0xE4FC, 0xABFA, 0x0118, 0x553C, 0x5F1F, 0x025B, 0x0030, 0x0000, 0x0000, 0x0000, 0x0000, 0x0000, 0x0000, 0x0000,
  0x0000, 0x0000, 0x0000, 0x0000, 0x0000, 0x0000, 0x0000, 0x0000, 0x0000, 0x000F, 0x3C39, 0x6F3F, 0x441B, 0x445C, 0x4C9C, 0x4C9C, 0x4C7C, 0x4C7C, 0x4C9C, 0x4C9C, 0x4C7C, 0x445B, 0x447B, 0x443B, 0x3C5B, 0x76FE, 0x5EDF, 0x01F9, 0x002F, 0x0000, 0x0000, 0x0000, 0x0000, 0x0000, 0x0000, 0x0000,
  0x0000, 0x0000, 0x0000, 0x0000, 0x0000, 0x0000, 0x0000, 0x0000, 0x0000, 0x002F, 0x11F5, 0x5EDF, 0x6F5F, 0x66FF, 0x5EDF, 0x56DF, 0x56DF, 0x5EFF, 0x5EFF, 0x5EFF, 0x5EFF, 0x5EFF, 0x5F1F, 0x5F1F, 0x56FF, 0x56BF, 0x1C5F, 0x00B5, 0x0070, 0x0000, 0x0000, 0x0000, 0x0000, 0x0000, 0x0000, 0x0000,
  0x0000, 0x0000, 0x0000, 0x0000, 0x0000, 0x0000, 0x0000, 0x0000, 0x0000, 0x0152, 0x0051, 0x0198, 0x01B8, 0x0177, 0x0157, 0x0177, 0x0157, 0x0177, 0x0177, 0x0177, 0x0197, 0x0198, 0x0198, 0x0197, 0x0177, 0x0197, 0x00F6, 0x0051, 0x0000, 0x0000, 0x0000, 0x0000, 0x0000, 0x0000, 0x0000, 0x0000
};

// Icon 5: gome_16.png (TRO_LY_AI)
static const uint16_t GOME_ICON_5[1296] PROGMEM = {
  0x0000, 0x0000, 0x0000, 0x0000, 0x0000, 0x0000, 0x0000, 0x0000, 0x0000, 0x0000, 0x0000, 0x0000, 0x0000, 0x0011, 0x00F3, 0x0000, 0x000F, 0x0000, 0x0000, 0x0000, 0x0000, 0x0000, 0x0000, 0x0000, 0x0000, 0x0000, 0x0000, 0x0000, 0x0000, 0x0000, 0x0000, 0x0000, 0x0000, 0x0000, 0x0000, 0x0000,
  0x0000, 0x0000, 0x0000, 0x0000, 0x0000, 0x0000, 0x0000, 0x0000, 0x0000, 0x0000, 0x0000, 0x0000, 0x0034, 0x42F8, 0x3AD7, 0x2215, 0x3AF7, 0x0000, 0x0000, 0x0000, 0x0000, 0x0000, 0x0000, 0x0000, 0x0000, 0x0000, 0x0000, 0x0000, 0x0000, 0x0000, 0x0000, 0x0000, 0x0000, 0x0000, 0x0000, 0x0000,
  0x0000, 0x0000, 0x0000, 0x0000, 0x0000, 0x0000, 0x0000, 0x0000, 0x0000, 0x0000, 0x0000, 0x0000, 0x3297, 0xC73F, 0x85BC, 0x8DFD, 0x9E9E, 0x1974, 0x0000, 0x0000, 0x0000, 0x0000, 0x0000, 0x0000, 0x0000, 0x0000, 0x0000, 0x0000, 0x0000, 0x0000, 0x0000, 0x0000, 0x0000, 0x0000, 0x0000, 0x0000,
  0x0000, 0x0000, 0x0000, 0x0000, 0x0000, 0x0000, 0x0000, 0x0000, 0x0000, 0x0000, 0x0000, 0x0000, 0x6479, 0x6CBA, 0x32D7, 0x3AD7, 0x7D3C, 0x21F5, 0x0000, 0x0000, 0x0000, 0x0000, 0x0000, 0x0000, 0x0000, 0x0000, 0x0000, 0x0000, 0x0000, 0x0000, 0x0000, 0x0000, 0x0000, 0x0000, 0x0000, 0x0000,
  0x0000, 0x0000, 0x0000, 0x0000, 0x0000, 0x0000, 0x0000, 0x0000, 0x0000, 0x0000, 0x0000, 0x0000, 0x43D8, 0x545A, 0x29F6, 0x3B78, 0x53FA, 0x00B3, 0x0000, 0x0000, 0x0000, 0x0000, 0x0000, 0x0000, 0x0000, 0x0000, 0x0000, 0x0000, 0x0000, 0x0000, 0x0000, 0x0000, 0x0000, 0x0000, 0x0000, 0x0000,
  0x0000, 0x0000, 0x0000, 0x0000, 0x0000, 0x0000, 0x0000, 0x0000, 0x0000, 0x0000, 0x0000, 0x0000, 0x2AB6, 0x4C7B, 0x4B98, 0x32B7, 0x11B4, 0x0000, 0x0000, 0x0000, 0x0000, 0x000F, 0x0000, 0x0000, 0x0000, 0x0000, 0x0000, 0x0000, 0x0000, 0x0000, 0x0000, 0x0000, 0x0000, 0x0000, 0x0000, 0x0000,
  0x0000, 0x0000, 0x0000, 0x0000, 0x0000, 0x0000, 0x0071, 0x0032, 0x00F3, 0x0000, 0x0000, 0x0974, 0x0070, 0x32D6, 0x22D7, 0x0030, 0x1111, 0x1954, 0x0000, 0x0933, 0x1132, 0x6357, 0x29F5, 0x0000, 0x0000, 0x0000, 0x0000, 0x0000, 0x0000, 0x0000, 0x0000, 0x0000, 0x0000, 0x0000, 0x0000, 0x0000,
  0x0000, 0x0000, 0x0000, 0x0000, 0x0000, 0x0051, 0x6378, 0x9D3B, 0x3A35, 0x0912, 0x0912, 0x5378, 0x84FC, 0x4318, 0x63F9, 0xB61C, 0xAE1C, 0x645A, 0x08D3, 0x6BB8, 0xCE9D, 0xFFFF, 0xC5BB, 0x0071, 0x0000, 0x0000, 0x0000, 0x0000, 0x0000, 0x0000, 0x0000, 0x0000, 0x0000, 0x0000, 0x0000, 0x0000,
  0x0000, 0x0000, 0x0000, 0x0000, 0x0000, 0x21B5, 0xE71E, 0xFFFF, 0xF7BF, 0xB5DB, 0x4294, 0x8D19, 0x859D, 0xBEDF, 0xE77F, 0xA5FF, 0xC6BF, 0xE7DF, 0x84FB, 0x8CFA, 0xFFFF, 0xFD98, 0xD59A, 0x08F3, 0x0000, 0x0000, 0x0000, 0x0000, 0x0000, 0x0000, 0x0000, 0x0000, 0x0000, 0x0000, 0x0000, 0x0000,
  0x0000, 0x0000, 0x0000, 0x0000, 0x0000, 0x3236, 0xF6DD, 0xFCD6, 0xFF9E, 0xFFFF, 0xC63A, 0x42D3, 0xE77F, 0xD6FE, 0xB61E, 0xCEDE, 0xBE1D, 0xBE3D, 0xDF7F, 0x74BA, 0xA4B8, 0xFD98, 0xD59A, 0x1134, 0x0000, 0x0000, 0x0000, 0x0000, 0x0000, 0x0000, 0x0000, 0x0000, 0x0000, 0x0000, 0x0000, 0x0000,
  0x0000, 0x0000, 0x0000, 0x0000, 0x0000, 0x29F5, 0xF71E, 0xFC97, 0xFD17, 0xFFBE, 0x5B12, 0xADDD, 0xFFFF, 0xD6DE, 0xDEFE, 0xEF9F, 0xE75E, 0xD6DE, 0xCEBE, 0xDF5F, 0x63F8, 0xE5DA, 0xDE5C, 0x10F3, 0x0000, 0x0000, 0x0000, 0x0000, 0x0000, 0x0000, 0x0000, 0x0000, 0x0000, 0x0000, 0x0000, 0x0000,
  0x0000, 0x0000, 0x0000, 0x0000, 0x0000, 0x29F5, 0xF6FD, 0xFCB7, 0xFE7B, 0xAD77, 0x5355, 0xE77F, 0xDF1E, 0xEF7F, 0xE75F, 0xEF7E, 0xEF9E, 0xE73E, 0xE73E, 0xE73F, 0xB67E, 0x6BD7, 0xD69D, 0x08B1, 0x0000, 0x0000, 0x0000, 0x0000, 0x0000, 0x0000, 0x0000, 0x0000, 0x0000, 0x0000, 0x0000, 0x0000,
  0x0000, 0x0000, 0x0000, 0x0000, 0x0000, 0x29F5, 0xF6FD, 0xFDDA, 0xFFFF, 0x5B11, 0xB63D, 0xF7BF, 0xDF3E, 0xEF9E, 0xDF1E, 0xEF7E, 0xF79E, 0xEF7E, 0xE75E, 0xEF5F, 0xF7DF, 0x74BB, 0x4236, 0x10F3, 0x0000, 0x0000, 0xE47A, 0x0000, 0x0000, 0x0000, 0x0000, 0x0000, 0x0000, 0x0000, 0x0000, 0x0000,
  0x0000, 0x0000, 0x0000, 0x0000, 0x0000, 0x29F5, 0xF71E, 0xFF5E, 0xC63A, 0x5314, 0xEF9F, 0xF79E, 0xE73E, 0xFFDF, 0xE73E, 0xF79F, 0xFFDF, 0xF7BE, 0xEF7E, 0xEF9F, 0xF79F, 0xB67E, 0x08F4, 0x3194, 0x0000, 0xD438, 0xFD1C, 0xEC9B, 0x0000, 0x0000, 0x0000, 0x0000, 0x0000, 0x0000, 0x0000, 0x0000,
  0x0000, 0x0000, 0x0000, 0x0000, 0x0000, 0x1973, 0xDEFE, 0xFFFF, 0x73D2, 0x7418, 0xF7FF, 0xE75E, 0xDF1E, 0xFFDF, 0xD6DE, 0xEF7E, 0xF79E, 0xF7BF, 0xE73E, 0xEF5E, 0xD6DE, 0xE79F, 0x539A, 0x1913, 0x0000, 0xDC39, 0xFD5D, 0xEC9B, 0x0000, 0x0000, 0x0000, 0x0000, 0x0000, 0x0000, 0x0000, 0x0000,
  0x0000, 0x0000, 0x0000, 0x0000, 0x0000, 0x00B1, 0xADDD, 0xFFFE, 0x426E, 0xADDD, 0xFFDF, 0xE73E, 0xE73E, 0xF7BE, 0xAD9C, 0xE73E, 0xEF9E, 0xEF7E, 0xC67E, 0xEF7E, 0xCE9E, 0xEF9F, 0xA5FE, 0x1955, 0x0000, 0x0000, 0xE45A, 0xE43A, 0x0000, 0x0000, 0x0000, 0x0000, 0x0000, 0x0000, 0x0000, 0x0000,
  0x0000, 0x0000, 0x0000, 0x0000, 0x0000, 0x4318, 0x94FC, 0xD6BB, 0x218B, 0xC67E, 0xFFDF, 0xE73E, 0xE73E, 0xF79E, 0xBD38, 0xEF3E, 0xF79E, 0xEF9E, 0x9CDA, 0xDEDD, 0xD6DE, 0xEF7E, 0xB69F, 0x7419, 0x0892, 0x0000, 0x0000, 0x0000, 0x0000, 0x0000, 0x0000, 0x0000, 0x0000, 0x0000, 0x0000, 0x0000,
  0x0000, 0x0000, 0x0000, 0x0000, 0x1133, 0x851C, 0x7C35, 0x7BD0, 0x4AD1, 0xE75F, 0xF7BE, 0xDF1E, 0xEF7E, 0xC67D, 0xAC55, 0xE6DD, 0xF7BF, 0xE77F, 0xA456, 0xBD99, 0xCEFF, 0xEF7E, 0x7D1C, 0x8DBD, 0x3275, 0x0000, 0x0000, 0x0000, 0x0000, 0x0000, 0x0000, 0x0000, 0x0000, 0x0000, 0x0000, 0x0000,
  0x0000, 0x0000, 0x0000, 0x0000, 0x2A35, 0xC6DF, 0x428E, 0x218D, 0x6BB3, 0xF7BF, 0xF79E, 0xD6BE, 0xDF3E, 0xBD9A, 0xE617, 0xCE1B, 0xEF9F, 0xC65E, 0xCD98, 0xE67A, 0xA59D, 0xE77F, 0x7CBB, 0x0974, 0x1994, 0x0000, 0x0000, 0x0000, 0x0000, 0x0000, 0x0000, 0x0000, 0x0000, 0x0000, 0x0000, 0x0000,
  0x0000, 0x0000, 0x0000, 0x0000, 0x4B98, 0xE79F, 0x428F, 0x29AC, 0x6B92, 0xEF9F, 0xF79E, 0xC65D, 0xBDDB, 0xFF1B, 0xFF5A, 0xD61A, 0xCE9E, 0xB57B, 0xF6B9, 0xCD74, 0x9416, 0xE77F, 0x8CFC, 0x0070, 0x0000, 0x0000, 0x0000, 0x0000, 0x0000, 0x0000, 0x0000, 0x0000, 0x0000, 0x0000, 0x0000, 0x0000,
  0x0000, 0x0000, 0x0000, 0x0000, 0x7C9A, 0xFFFF, 0x216B, 0x0005, 0x4AD0, 0xE75F, 0xF7BE, 0xBE1D, 0xCD98, 0xB533, 0xCD94, 0xDDDA, 0xBD5A, 0xF6BA, 0x9451, 0x0002, 0x6A8E, 0xDF3F, 0x29D5, 0x0010, 0x0010, 0x0010, 0x0011, 0x0011, 0x0011, 0x0031, 0x0000, 0x0000, 0x0000, 0x0000, 0x0000, 0x0000,
  0x0000, 0x0000, 0x0000, 0x0135, 0xB63E, 0xB5B9, 0x41B0, 0x8B74, 0x21EE, 0xDEFD, 0xFFDF, 0xCE1B, 0x6A8C, 0x0007, 0x18E9, 0xD5B6, 0xFF5C, 0xF6D8, 0x2A11, 0x3297, 0x420B, 0x52D4, 0x4377, 0x651B, 0x4CBA, 0x4CBA, 0x54DB, 0x54DB, 0x551B, 0x43D9, 0x0072, 0x0000, 0x0000, 0x0000, 0x0000, 0x0000,
  0x0000, 0x0000, 0x0000, 0x1154, 0xE77F, 0x7BF5, 0xBBB7, 0xFDFD, 0x5AB0, 0x9D37, 0xFFFF, 0x8C34, 0x20EA, 0x2B7E, 0x42F8, 0xF6FA, 0xFF9C, 0xF6F9, 0x331B, 0x645F, 0x8B30, 0x2A53, 0x96FF, 0x5DBF, 0x55BF, 0x55BF, 0x5DDF, 0x5DDF, 0x5E1F, 0x8F3F, 0x2194, 0x0000, 0x0000, 0x0000, 0x0000, 0x0000,
  0x0000, 0x0000, 0x0000, 0x1973, 0xE77F, 0x7BD5, 0xCC98, 0xFEBE, 0x7250, 0x8494, 0xFFFF, 0x8414, 0x9C76, 0x1C3F, 0x33FC, 0xFF3A, 0xFF5B, 0xFF5B, 0x2D1D, 0x55BE, 0x7B33, 0x7DDD, 0x4D1F, 0x341E, 0x3C5E, 0x345F, 0x345F, 0x345F, 0x2C3E, 0x7E5F, 0x31F5, 0x0000, 0x0000, 0x0000, 0x0000, 0x0000,
  0x0000, 0x0000, 0x0000, 0x1953, 0xE77F, 0x73F7, 0x9B37, 0xFDFD, 0x6A0F, 0x8CB5, 0xFFFF, 0xB599, 0xC518, 0x4EBF, 0x667E, 0xFF5A, 0xFF5B, 0xFF7B, 0xA73D, 0xBE5B, 0x62D3, 0x6D9E, 0x345F, 0x3C5F, 0x3C9F, 0x44BF, 0x349F, 0x347F, 0x347F, 0x7E3F, 0x31F5, 0x0000, 0x0000, 0x0000, 0x0000, 0x0000,
  0x0000, 0x0000, 0x0000, 0x0914, 0xB63D, 0xCEDE, 0x41D2, 0xCC16, 0x194B, 0xA557, 0xE77F, 0xDF1E, 0xDD36, 0xDE39, 0xE71C, 0xFF5A, 0xFEF9, 0xFF3B, 0xFF3B, 0xFE99, 0x5AD3, 0x451D, 0x94DE, 0xD51D, 0x64DF, 0xD57D, 0x4C5F, 0xCD3D, 0x7CDE, 0x6E3F, 0x31D5, 0x0000, 0x0000, 0x0000, 0x0000, 0x0000,
  0x0000, 0x0000, 0x0000, 0x0000, 0x53FA, 0xF7FF, 0x6C17, 0x0047, 0x198D, 0xADFE, 0xCEDF, 0x84FC, 0xAD3A, 0xFE78, 0xFF5B, 0xFF1A, 0xF556, 0xF679, 0xFFDD, 0xD5D8, 0x2151, 0x4D1E, 0x9CFE, 0xE57D, 0x5CBE, 0xED3C, 0x547E, 0xE53D, 0x7CDE, 0x763F, 0x31D4, 0x0000, 0x0000, 0x0000, 0x0000, 0x0000,
  0x0000, 0x0000, 0x0000, 0x0000, 0x1A56, 0xAE3E, 0xEF9F, 0x94F9, 0x7CBA, 0x5B59, 0xE79F, 0x2A53, 0x5A6E, 0xFF5B, 0xFFFD, 0xFFBC, 0xFF5B, 0xFF7B, 0xD617, 0x39F1, 0x19B4, 0x5D5E, 0x447F, 0x5CDE, 0x345F, 0x547E, 0x3C9F, 0x549E, 0x3C5E, 0x863F, 0x31D4, 0x0000, 0x0000, 0x0000, 0x0000, 0x0000,
  0x0000, 0x0000, 0x0000, 0x0000, 0x0852, 0x4B39, 0xFFFF, 0xCEDF, 0xA61F, 0x4B59, 0x9DBC, 0x84FA, 0x19B2, 0x31D0, 0xA453, 0xCCF2, 0xA4F5, 0x7350, 0x214D, 0x5C5C, 0x42D7, 0x653D, 0x3C7F, 0x3C9F, 0x447F, 0x345F, 0x449F, 0x3C7F, 0x2C1E, 0x7E3F, 0x3215, 0x0000, 0x0000, 0x0000, 0x0000, 0x0000,
  0x0000, 0x0000, 0x0000, 0x0000, 0x0030, 0x749B, 0xFFDF, 0xDF1E, 0xB65F, 0x853E, 0x53DA, 0x6CBA, 0x3B5A, 0x3AB6, 0x51D0, 0xCBCF, 0x18EE, 0x21F4, 0x751F, 0x95FE, 0x3A75, 0x655E, 0x3C7F, 0x3C5E, 0x3C5F, 0x343E, 0x341E, 0x341E, 0x449F, 0x863F, 0x10F3, 0x0000, 0x0000, 0x0000, 0x0000, 0x0000,
  0x0000, 0x0000, 0x0000, 0x0000, 0x22B7, 0xCF1E, 0xF7BF, 0xEF7F, 0xCEBE, 0x855E, 0x8DDE, 0x4BFA, 0x32F7, 0xEF5E, 0xC69E, 0x5B19, 0xA55C, 0xAD9C, 0x6C7C, 0x9DFE, 0x3A95, 0x7DFE, 0x343F, 0x44BE, 0x7E5F, 0x765F, 0x6E3F, 0x763F, 0x973F, 0x435A, 0x0011, 0x0000, 0x0000, 0x0000, 0x0000, 0x0000,
  0x0000, 0x0000, 0x0000, 0x2A36, 0xBEBF, 0xFFDF, 0xDEFE, 0xEF7F, 0xB65F, 0x7D3E, 0xA65F, 0x753D, 0x7459, 0xFFDE, 0xAD9A, 0xCEBD, 0xFF3D, 0xEDF9, 0xAD3B, 0x8D7E, 0x3236, 0x657D, 0x769F, 0x7EFF, 0x64DB, 0x4338, 0x4378, 0x4B77, 0x3B18, 0x0072, 0x0000, 0x0000, 0x0000, 0x0000, 0x0000, 0x0000,
  0x0000, 0x0000, 0x0000, 0x1195, 0xA5BD, 0xD71F, 0xC69E, 0xEF9E, 0x9DDF, 0x9E5F, 0xB69F, 0x4BFB, 0x8478, 0xF79E, 0x73B9, 0xFFFE, 0xFEFC, 0xA417, 0xBD9B, 0x84FD, 0x437A, 0x1A78, 0x5CDB, 0x3B39, 0x0051, 0x0032, 0x0011, 0x0010, 0x0012, 0x0913, 0x0000, 0x0000, 0x0000, 0x0000, 0x0000, 0x0000,
  0x0000, 0x0000, 0x0000, 0x0000, 0x2257, 0x63DC, 0xD69F, 0xF75E, 0xA59E, 0x9DFE, 0x8D9F, 0x4297, 0xAD7B, 0xFFFF, 0xC5BC, 0x8398, 0x7B57, 0xA4BA, 0xDE1D, 0x63FD, 0x6C3A, 0x000F, 0x000F, 0x0011, 0x0851, 0x0000, 0x0000, 0x0000, 0x0000, 0x0000, 0x0000, 0x0000, 0x0000, 0x0000, 0x0000, 0x0000,
  0x0000, 0x0000, 0x0000, 0x0000, 0x1276, 0x149C, 0x5E5F, 0x97BF, 0x561F, 0x45FF, 0x4E7F, 0x1C19, 0x76BE, 0xA7DF, 0x9FBF, 0x663E, 0x76BE, 0x875F, 0x8F1F, 0x245B, 0x1379, 0x0BD9, 0x1CDB, 0x151B, 0x0E7F, 0x05FE, 0x061D, 0x067F, 0x0000, 0x0000, 0x0000, 0x0000, 0x0000, 0x0000, 0x0000, 0x0000,
  0x0000, 0x0000, 0x0000, 0x0000, 0x0E1E, 0x04FA, 0x03F8, 0x03F7, 0x03D6, 0x0438, 0x0458, 0x0477, 0x0438, 0x03D8, 0x03D6, 0x0458, 0x0417, 0x0438, 0x0459, 0x0479, 0x0417, 0x0458, 0x0459, 0x0458, 0x049B, 0x0459, 0x0439, 0x04BB, 0x055C, 0x0000, 0x0000, 0x0000, 0x0000, 0x0000, 0x0000, 0x0000
};

// Icon 6: gome_17.png (AM_NHAC)
static const uint16_t GOME_ICON_6[1296] PROGMEM = {
  0x0000, 0x0000, 0x0000, 0x0000, 0x0000, 0x0000, 0x0000, 0x0000, 0x0000, 0x0000, 0x0000, 0x0000, 0x0000, 0x0000, 0x0000, 0x0000, 0x0000, 0x0000, 0x0000, 0x0000, 0x0000, 0x0000, 0x0000, 0x0000, 0x0000, 0x0000, 0x0000, 0x0000, 0x0000, 0x0000, 0x0000, 0x0000, 0x0000, 0x0000, 0x0000, 0x0000,
  0x0000, 0x0000, 0x0000, 0x0000, 0x0000, 0x0000, 0x0000, 0x0000, 0x0000, 0x0000, 0x0000, 0x0000, 0x0000, 0x0000, 0x0000, 0x0000, 0x0000, 0x0000, 0x0000, 0x0000, 0x0000, 0x0000, 0x0000, 0x0000, 0x0000, 0x0000, 0x0000, 0x0000, 0x0000, 0x0000, 0x0000, 0x0000, 0x0000, 0x0000, 0x0000, 0x0000,
  0x0000, 0x0000, 0x0000, 0x0000, 0x0000, 0x0000, 0x0000, 0x0000, 0x0000, 0x0000, 0x0000, 0x0000, 0x0000, 0x0000, 0x0000, 0x0000, 0x0000, 0x0000, 0x0000, 0x0000, 0x0000, 0x0000, 0x0000, 0x0000, 0x0000, 0x0000, 0x0000, 0x0000, 0x0000, 0x0000, 0x0000, 0x0000, 0x0000, 0x0000, 0x0000, 0x0000,
  0x0000, 0x0000, 0x0000, 0x0000, 0x0000, 0x0000, 0x0000, 0x0000, 0x0000, 0x0000, 0x0000, 0x0000, 0x0000, 0x0000, 0x0000, 0x0000, 0x0000, 0x0000, 0x0000, 0x0000, 0x0000, 0x0000, 0x0000, 0x0000, 0x0000, 0x0000, 0x0000, 0x0000, 0x0000, 0x0000, 0x0000, 0x0000, 0x0000, 0x0000, 0x0000, 0x0000,
  0x0000, 0x0000, 0x0000, 0x0000, 0x0000, 0x0000, 0x0000, 0x0000, 0x0000, 0x0000, 0x0000, 0x0000, 0x0000, 0x0000, 0x0000, 0x0000, 0x0000, 0x0000, 0x0000, 0x0000, 0x0000, 0x0000, 0x0000, 0x0000, 0x0000, 0x0000, 0x0000, 0x0000, 0x0000, 0x0000, 0x0000, 0x0000, 0x0000, 0x0000, 0x0000, 0x0000,
  0x0000, 0x0000, 0x0000, 0x0000, 0x0000, 0x0000, 0x0000, 0x0000, 0x0000, 0x0000, 0x0000, 0x0000, 0x0000, 0x0000, 0x0000, 0x0000, 0x0000, 0x0000, 0x0000, 0x0000, 0x0000, 0x0000, 0x0000, 0x0000, 0x0000, 0x0000, 0x0000, 0x0000, 0x0000, 0x0000, 0x0000, 0x0000, 0x0000, 0x0000, 0x0000, 0x0000,
  0x0000, 0x0000, 0x0000, 0x0000, 0x0000, 0x0000, 0x0000, 0x0000, 0x0000, 0x0000, 0x0000, 0x0000, 0x0000, 0x0000, 0x0000, 0x0000, 0x0000, 0x0000, 0x0000, 0x0000, 0x0000, 0x0000, 0x0000, 0x0000, 0x0000, 0x0000, 0x0000, 0x0000, 0x0000, 0x0000, 0x0000, 0x0000, 0x0000, 0x0000, 0x0000, 0x0000,
  0x0000, 0x0000, 0x0000, 0x0000, 0x0000, 0x0000, 0x0000, 0x0000, 0x0000, 0x0000, 0x0000, 0x0000, 0x0000, 0x0000, 0x0000, 0x0000, 0x0000, 0x0000, 0x0000, 0x0000, 0x0000, 0x0000, 0x0000, 0x0000, 0x0000, 0x0000, 0x0000, 0x0000, 0x0000, 0x0000, 0x0000, 0x0000, 0x0000, 0x0000, 0x0000, 0x0000,
  0x0000, 0x0000, 0x0000, 0x0000, 0x0000, 0x0000, 0x0000, 0x0000, 0x0000, 0x0000, 0x0000, 0x02DE, 0x0000, 0x0000, 0x0000, 0x0000, 0x0000, 0x0000, 0x0000, 0x0000, 0x0000, 0x0012, 0x00D3, 0x0000, 0x0000, 0x0000, 0x0000, 0x0000, 0x0000, 0x0000, 0x0000, 0x0000, 0x0000, 0x0000, 0x0000, 0x0000,
  0x0000, 0x0000, 0x0000, 0x0000, 0x0000, 0x0000, 0x0000, 0x0000, 0x0000, 0x0000, 0x0B9E, 0x2D3F, 0x02DE, 0x0000, 0x0000, 0x0000, 0x0000, 0x0000, 0x2173, 0x0010, 0x10F3, 0x5B59, 0x1135, 0x0000, 0x0000, 0x0000, 0x0000, 0x0000, 0x0000, 0x0000, 0x0000, 0x0000, 0x0000, 0x0000, 0x0000, 0x0000,
  0x0000, 0x0000, 0x0000, 0x0000, 0x0000, 0x0000, 0x0000, 0x0000, 0x0000, 0x029E, 0x1BFF, 0x671F, 0x0B9E, 0x0000, 0x0000, 0x0094, 0x0893, 0x10D2, 0x29B4, 0xA57A, 0xC61C, 0xFFFF, 0x31D5, 0x0000, 0x0000, 0x0000, 0x0000, 0x0000, 0x0000, 0x0000, 0x0000, 0x0000, 0x0000, 0x0000, 0x0000, 0x0000,
  0x0000, 0x0000, 0x0000, 0x0000, 0x0000, 0x0000, 0x0000, 0x0000, 0x0000, 0x031E, 0x66BF, 0x77BF, 0x563F, 0x0997, 0x0011, 0x29B5, 0x4AB7, 0xD6DD, 0xEF3E, 0xFF1E, 0xFDBC, 0xFD3C, 0x2954, 0x0000, 0x0000, 0x0000, 0x0000, 0x0000, 0x0000, 0x0000, 0x0000, 0x0000, 0x0000, 0x0000, 0x0000, 0x0000,
  0x0000, 0x0000, 0x0000, 0x0000, 0x0000, 0x0000, 0x0000, 0x0000, 0x0000, 0x031E, 0x565F, 0x7FFF, 0x2BD9, 0x4235, 0x8CBA, 0xE71E, 0xFF7F, 0xFE3D, 0xFD9C, 0xFD3B, 0xFD3C, 0xFCFB, 0x2913, 0x0000, 0x0000, 0x0000, 0x0000, 0x0000, 0x0000, 0x0000, 0x0000, 0x0000, 0x0000, 0x0000, 0x0000, 0x0000,
  0x0000, 0x0000, 0x0000, 0x0000, 0x0000, 0x0000, 0x0000, 0x0000, 0x0000, 0x02BD, 0x141F, 0x569E, 0x1154, 0xE6DD, 0xFF5F, 0xFDFC, 0xFD1C, 0xFD3C, 0xFD3C, 0xFD5C, 0xFD7C, 0xFCFB, 0x28F3, 0x0000, 0x0000, 0x0000, 0x0000, 0x0000, 0x0000, 0x0000, 0x0000, 0x0000, 0x0000, 0x0000, 0x0000, 0x0000,
  0x0000, 0x0000, 0x0000, 0x0000, 0x0000, 0x0000, 0x0000, 0x0000, 0x0000, 0x0000, 0x137E, 0x0B5E, 0x1953, 0xED9C, 0xFCFC, 0xFD3C, 0xFD5C, 0xFD5C, 0xFD7C, 0xFD5C, 0xFD7C, 0xFD1B, 0x2913, 0x0000, 0x0000, 0x139E, 0x13DF, 0x0000, 0x0000, 0x0000, 0x0000, 0x0000, 0x0000, 0x0000, 0x0000, 0x0000,
  0x0000, 0x0000, 0x0000, 0x0000, 0x0000, 0x0000, 0x0000, 0x00D3, 0x0000, 0x0000, 0x0000, 0x0A1A, 0x1954, 0xED9C, 0xFD3C, 0xFD3C, 0xFD5C, 0xFD9C, 0xFD9C, 0xFD3B, 0xECBC, 0xF4DB, 0x2914, 0x0000, 0x0000, 0x2C9E, 0x247F, 0x0000, 0x0000, 0x0000, 0x0000, 0x0000, 0x0000, 0x0000, 0x0000, 0x0000,
  0x0000, 0x0000, 0x0000, 0x0000, 0x0000, 0x0000, 0x0954, 0x0914, 0x08F3, 0x0000, 0x0000, 0x0000, 0x1954, 0xEDDC, 0xFD5C, 0xFD7C, 0xFD5B, 0xF4BA, 0xE47A, 0x72DB, 0x4A7B, 0xF4BB, 0x2913, 0x0000, 0x0000, 0x2CFF, 0x3DDF, 0x031F, 0x0000, 0x0000, 0x0000, 0x0000, 0x0000, 0x0000, 0x0000, 0x0000,
  0x0000, 0x0000, 0x0000, 0x0000, 0x0000, 0x0000, 0x08F3, 0x6EBE, 0x2318, 0x0011, 0x0000, 0x0000, 0x1934, 0xEDBC, 0xFCDB, 0xDBDA, 0xA33A, 0x523A, 0x099B, 0x00F9, 0x2134, 0xF4DB, 0x2913, 0x0011, 0x1C1F, 0x66DF, 0x6F5F, 0x13FF, 0x0000, 0x0000, 0x0000, 0x0000, 0x0000, 0x0000, 0x0000, 0x0000,
  0x0000, 0x0000, 0x0000, 0x0000, 0x0000, 0x0000, 0x1113, 0x6F3F, 0x1B1A, 0x0011, 0x0000, 0x0000, 0x1913, 0xE53B, 0x6ABB, 0x29DB, 0x013A, 0x00B5, 0x0094, 0x0851, 0x2933, 0xF4BB, 0x2912, 0x0011, 0x13FF, 0x5EDF, 0x3DDF, 0x033F, 0x0000, 0x0000, 0x0000, 0x0000, 0x0000, 0x0000, 0x0000, 0x0000,
  0x0000, 0x0000, 0x0000, 0x0000, 0x0000, 0x0000, 0x08D3, 0x66FE, 0x12F9, 0x0011, 0x0000, 0x0000, 0x20F2, 0xE4FB, 0x1978, 0x0093, 0x0871, 0x1070, 0x2912, 0x2175, 0x3154, 0xF45A, 0x2913, 0x0000, 0x0000, 0x141E, 0x13DF, 0x0000, 0x0000, 0x0000, 0x0000, 0x0000, 0x0000, 0x0000, 0x0000, 0x0000,
  0x0000, 0x0000, 0x0000, 0x0000, 0x0000, 0x00B2, 0x3236, 0x7F7F, 0x12D9, 0x0010, 0x0000, 0x0000, 0x20F2, 0xE4BB, 0x28F3, 0x0892, 0x0000, 0x0000, 0x0000, 0x0000, 0x2953, 0xF47A, 0x2913, 0x0000, 0x0000, 0x02DE, 0x02DE, 0x0000, 0x0000, 0x0000, 0x0000, 0x0000, 0x0000, 0x0000, 0x0000, 0x0000,
  0x0000, 0x0000, 0x0000, 0x0000, 0x0000, 0x2214, 0xAF3F, 0x7FDF, 0x12F9, 0x000F, 0x0000, 0x0000, 0x2112, 0xE47A, 0x28F2, 0x0000, 0x0000, 0x0000, 0x0000, 0x2153, 0x3153, 0xF4DB, 0x2914, 0x0000, 0x0000, 0x0000, 0x0000, 0x0000, 0x0000, 0x0000, 0x0000, 0x0000, 0x0000, 0x0000, 0x0000, 0x0000,
  0x0000, 0x0000, 0x0000, 0x0000, 0x000E, 0x32F7, 0x77FF, 0x56FF, 0x1218, 0x0031, 0x0000, 0x0000, 0x2954, 0xE4BB, 0x28F1, 0x0000, 0x0000, 0x0000, 0x08B4, 0x0031, 0x2112, 0xF4DB, 0x2913, 0x0000, 0x0000, 0x0000, 0x0000, 0x0000, 0x0000, 0x0000, 0x0000, 0x0000, 0x0000, 0x0000, 0x0000, 0x0000,
  0x0000, 0x0000, 0x0000, 0x0000, 0x0000, 0x0913, 0x4D7C, 0x2B7A, 0x0893, 0x42F7, 0x0032, 0x0010, 0x1092, 0xE4FB, 0x2913, 0x0000, 0x0000, 0x0011, 0x5B38, 0xBDFB, 0xBD7B, 0xF49B, 0x28F3, 0x0000, 0x0000, 0x02BE, 0x0000, 0x0000, 0x0000, 0x0000, 0x0000, 0x0000, 0x0000, 0x0000, 0x0000, 0x0000,
  0x0000, 0x0000, 0x0000, 0x0000, 0x0000, 0x08F2, 0x0052, 0x0072, 0x3A96, 0x0071, 0x4AB7, 0x8C79, 0x9459, 0xECBB, 0x20F2, 0x0000, 0x18B2, 0x2993, 0xF71D, 0xFE5D, 0xFDFD, 0xF49B, 0x28F2, 0x0000, 0x13BF, 0x2CFF, 0x0BBF, 0x0000, 0x0000, 0x0000, 0x0000, 0x0000, 0x0000, 0x0000, 0x0000, 0x0000,
  0x0000, 0x0000, 0x0000, 0x0000, 0x0000, 0x0000, 0x0000, 0x0000, 0x0893, 0x31F6, 0xFF1D, 0xFEBE, 0xFE7E, 0xF49B, 0x20B1, 0x0000, 0x0873, 0xACDA, 0xFE1D, 0xF4FB, 0xFD7C, 0xFCDB, 0x28D2, 0x0000, 0x0BBF, 0x565F, 0x13DF, 0x0000, 0x0000, 0x0000, 0x0000, 0x0000, 0x0000, 0x0000, 0x0000, 0x0000,
  0x0000, 0x0000, 0x0000, 0x0000, 0x0000, 0x0000, 0x0000, 0x0000, 0x10D2, 0xC63D, 0xFE3D, 0xF51B, 0xFD7C, 0xF4FB, 0x20D3, 0x1133, 0x0052, 0xCCDA, 0xFD9C, 0xFD1C, 0xFD7C, 0xEC9A, 0x28D2, 0x0000, 0x13DF, 0x567F, 0x0BDF, 0x0000, 0x0000, 0x0000, 0x0000, 0x0000, 0x0000, 0x0000, 0x0000, 0x0000,
  0x0000, 0x0000, 0x0000, 0x0000, 0x0000, 0x0000, 0x0000, 0x0051, 0x1932, 0xF63C, 0xFD9C, 0xFD5C, 0xFD9C, 0xFCFB, 0x28F3, 0x0913, 0x0071, 0xCBD9, 0xFD5C, 0xF53C, 0xFD5C, 0xAAF8, 0x0073, 0x0ADC, 0x5E1F, 0x771F, 0x035F, 0x0000, 0x0000, 0x0000, 0x0000, 0x0000, 0x0000, 0x0000, 0x0000, 0x0000,
  0x0000, 0x0000, 0x0000, 0x0000, 0x0000, 0x0000, 0x0000, 0x0000, 0x18F2, 0xF53B, 0xFD9C, 0xF57C, 0xFDBC, 0xB318, 0x0872, 0x0000, 0x0052, 0x69D4, 0xFCDB, 0xFD7C, 0xEBD9, 0x30F3, 0x10D2, 0x0B7F, 0x6EBF, 0x459F, 0x02DE, 0x0000, 0x0000, 0x0000, 0x0000, 0x0000, 0x0000, 0x0000, 0x0000, 0x0000,
  0x0000, 0x0000, 0x0000, 0x0000, 0x0000, 0x0000, 0x0000, 0x0000, 0x0872, 0xB318, 0xFD5C, 0xFD9C, 0xFCDB, 0x30F4, 0x0071, 0x0000, 0x08B2, 0x0052, 0x61B4, 0x7215, 0x3934, 0x0071, 0x0000, 0x0000, 0x13BE, 0x13BF, 0x0000, 0x0000, 0x0000, 0x0000, 0x0000, 0x0000, 0x0000, 0x0000, 0x0000, 0x0000,
  0x0000, 0x0000, 0x0000, 0x0000, 0x0000, 0x0000, 0x0000, 0x0000, 0x0072, 0x0872, 0x9A96, 0xB338, 0x51B5, 0x0053, 0x0000, 0x0000, 0x0000, 0x0071, 0x0011, 0x0011, 0x0091, 0x0000, 0x0000, 0x0000, 0x02DD, 0x0000, 0x0000, 0x0000, 0x0000, 0x0000, 0x0000, 0x0000, 0x0000, 0x0000, 0x0000, 0x0000,
  0x0000, 0x0000, 0x0000, 0x0000, 0x0000, 0x0000, 0x0000, 0x0000, 0x1112, 0x0051, 0x0032, 0x0032, 0x0051, 0x1954, 0x0000, 0x0000, 0x0000, 0x0000, 0x1912, 0x1912, 0x0000, 0x0000, 0x0000, 0x0000, 0x0000, 0x0000, 0x0000, 0x0000, 0x0000, 0x0000, 0x0000, 0x0000, 0x0000, 0x0000, 0x0000, 0x0000,
  0x0000, 0x0000, 0x0000, 0x0000, 0x0000, 0x0000, 0x0000, 0x0000, 0x0000, 0x1153, 0x1114, 0x0913, 0x1973, 0x0000, 0x0000, 0x0000, 0x0000, 0x0000, 0x0000, 0x0000, 0x0000, 0x0000, 0x0000, 0x0000, 0x0000, 0x0000, 0x0000, 0x0000, 0x0000, 0x0000, 0x0000, 0x0000, 0x0000, 0x0000, 0x0000, 0x0000,
  0x0000, 0x0000, 0x0000, 0x0000, 0x0000, 0x0000, 0x0000, 0x0000, 0x0000, 0x0000, 0x0000, 0x0000, 0x0000, 0x0000, 0x0000, 0x0000, 0x0000, 0x0000, 0x0000, 0x0000, 0x0000, 0x0000, 0x0000, 0x0000, 0x0000, 0x0000, 0x0000, 0x0000, 0x0000, 0x0000, 0x0000, 0x0000, 0x0000, 0x0000, 0x0000, 0x0000,
  0x0000, 0x0000, 0x0000, 0x0000, 0x0000, 0x0000, 0x0000, 0x06DF, 0x071F, 0x0EBF, 0x0E7F, 0x0E7F, 0x061D, 0x06BF, 0x06DF, 0x06FF, 0x06DF, 0x06BF, 0x069E, 0x06DF, 0x0000, 0x069F, 0x069F, 0x06DF, 0x06DF, 0x0000, 0x06DF, 0x0000, 0x0000, 0x0000, 0x0000, 0x0000, 0x0000, 0x0000, 0x0000, 0x0000,
  0x0000, 0x0000, 0x0000, 0x0000, 0x061E, 0x053B, 0x04BA, 0x04FB, 0x04FB, 0x04DA, 0x051B, 0x051B, 0x04BA, 0x04DA, 0x04DB, 0x04DA, 0x04FB, 0x04BB, 0x04DA, 0x04DA, 0x04BA, 0x04BA, 0x04BA, 0x04DA, 0x04FA, 0x04DA, 0x04BA, 0x057C, 0x0000, 0x0000, 0x0000, 0x0000, 0x0000, 0x0000, 0x0000, 0x0000
};

// Icon 7: gome_18.png (DONG_HO)
static const uint16_t GOME_ICON_7[1296] PROGMEM = {
  0x0000, 0x0000, 0x0000, 0x0000, 0x0000, 0x0000, 0x0000, 0x0000, 0x0000, 0x0000, 0x0000, 0x0000, 0x0000, 0x0000, 0x0000, 0x0000, 0x0000, 0x0000, 0x0000, 0x0000, 0x0000, 0x0000, 0x0000, 0x0000, 0x0000, 0x0000, 0x0000, 0x0000, 0x0000, 0x0000, 0x0000, 0x0000, 0x0000, 0x0000, 0x0000, 0x0000,
  0x0000, 0x0000, 0x0000, 0x0000, 0x0000, 0x0000, 0x0000, 0x0000, 0x0000, 0x0000, 0x0000, 0x0000, 0x0000, 0x0000, 0x0000, 0x0000, 0x0000, 0x0000, 0x0000, 0x0000, 0x0000, 0x0000, 0x0000, 0x0000, 0x0000, 0x0000, 0x0000, 0x0000, 0x0000, 0x0000, 0x0000, 0x0000, 0x0000, 0x0000, 0x0000, 0x0000,
  0x0000, 0x0000, 0x0000, 0x0000, 0x0000, 0x0000, 0x0000, 0x0000, 0x0000, 0x0000, 0x0000, 0x0000, 0x0000, 0x0000, 0x0000, 0x0000, 0x0000, 0x0000, 0x0000, 0x0000, 0x0000, 0x0000, 0x0000, 0x0000, 0x0000, 0x0000, 0x0000, 0x0000, 0x0000, 0x0000, 0x0000, 0x0000, 0x0000, 0x0000, 0x0000, 0x0000,
  0x0000, 0x0000, 0x0000, 0x0000, 0x0000, 0x0000, 0x0000, 0x0000, 0x0000, 0x0000, 0x0000, 0x0000, 0x0000, 0x0000, 0x0000, 0x0000, 0x0000, 0x0000, 0x0000, 0x0000, 0x0000, 0x0000, 0x0000, 0x0000, 0x0000, 0x0000, 0x0000, 0x0000, 0x0000, 0x0000, 0x0000, 0x0000, 0x0000, 0x0000, 0x0000, 0x0000,
  0x0000, 0x0000, 0x0000, 0x0000, 0x0000, 0x0000, 0x0000, 0x0000, 0x0000, 0x0000, 0x0000, 0x0000, 0x0000, 0x0000, 0x0000, 0x0000, 0x0000, 0x0000, 0x0000, 0x0000, 0x0000, 0x0000, 0x0000, 0x0000, 0x0000, 0x0000, 0x0000, 0x0000, 0x0000, 0x0000, 0x0000, 0x0000, 0x0000, 0x0000, 0x0000, 0x0000,
  0x0000, 0x0000, 0x0000, 0x0000, 0x0000, 0x0000, 0x0000, 0x0000, 0x0000, 0x0000, 0x0000, 0x0000, 0x0000, 0x0000, 0x0955, 0x0914, 0x00B4, 0x0975, 0x0115, 0x0000, 0x0000, 0x0000, 0x0000, 0x0000, 0x0000, 0x0000, 0x0000, 0x0000, 0x0000, 0x0000, 0x0000, 0x0000, 0x0000, 0x0000, 0x0000, 0x0000,
  0x0000, 0x0000, 0x0000, 0x0000, 0x0000, 0x0000, 0x0000, 0x0092, 0x0011, 0x0092, 0x0000, 0x0000, 0x0000, 0x08F5, 0x555D, 0x7EBE, 0x3B99, 0x7F1F, 0x2257, 0x0000, 0x0000, 0x0000, 0x0000, 0x08D2, 0x0011, 0x0051, 0x0000, 0x0000, 0x0000, 0x0000, 0x0000, 0x0000, 0x0000, 0x0000, 0x0000, 0x0000,
  0x0000, 0x0000, 0x0000, 0x0000, 0x0000, 0x0000, 0x0031, 0x3215, 0x6B77, 0x4255, 0x0010, 0x19B4, 0x0000, 0x11D5, 0x5DFD, 0x3BB8, 0x5D3C, 0x54FC, 0x4C3A, 0x0000, 0x0000, 0x0000, 0x0010, 0x29B4, 0x6377, 0x52F7, 0x08D3, 0x0000, 0x0000, 0x0000, 0x0000, 0x0000, 0x0000, 0x0000, 0x0000, 0x0000,
  0x0000, 0x0000, 0x0000, 0x0000, 0x0000, 0x0000, 0x29B4, 0xDEDE, 0xFFFF, 0xE73E, 0x9499, 0x2155, 0x0093, 0x2278, 0x2C3B, 0x2154, 0x0935, 0x2CDD, 0x22D8, 0x0000, 0x0000, 0x0893, 0x6B77, 0xCE9D, 0xFFFF, 0xFFFF, 0x52F7, 0x0051, 0x0000, 0x0000, 0x0000, 0x0000, 0x0000, 0x0000, 0x0000, 0x0000,
  0x0000, 0x0000, 0x0000, 0x0000, 0x0000, 0x0010, 0x52F6, 0xFFFF, 0xF5F8, 0xFF5D, 0xFFFF, 0xBE3C, 0x08B2, 0x1175, 0x3D5D, 0x3257, 0x3318, 0x0AF8, 0x1914, 0x0000, 0x0053, 0x8C7A, 0xFFFF, 0xFFFF, 0xF5F8, 0xFFBC, 0x94FB, 0x000F, 0x0000, 0x0000, 0x0000, 0x0000, 0x0000, 0x0000, 0x0000, 0x0000,
  0x0000, 0x0000, 0x0000, 0x0000, 0x0000, 0x000E, 0x4AB5, 0xFFDD, 0xFD37, 0xFDB9, 0xF75D, 0xFFFF, 0xBDFC, 0x0071, 0x2378, 0x2CBB, 0x1995, 0x2A57, 0x5C3A, 0x0092, 0x7C3A, 0xFFFF, 0xFF9E, 0xFE3B, 0xFD38, 0xFF3B, 0x8C9A, 0x000F, 0x0000, 0x0000, 0x0000, 0x0000, 0x0000, 0x0000, 0x0000, 0x0000,
  0x0000, 0x0000, 0x0000, 0x0000, 0x0000, 0x000F, 0x52D6, 0xFFBE, 0xF59B, 0xFDFC, 0xFE7B, 0xC65C, 0x52B5, 0x0030, 0x0010, 0x0216, 0x0072, 0x0032, 0x0031, 0x000F, 0x4A75, 0xB5DC, 0xFEFC, 0xFD7A, 0xF53B, 0xFF3D, 0x8CBA, 0x0010, 0x0000, 0x0000, 0x0000, 0x0000, 0x0000, 0x0000, 0x0000, 0x0000,
  0x0000, 0x0000, 0x0000, 0x0000, 0x0000, 0x000F, 0x52D6, 0xFF7E, 0xF59B, 0xFFDF, 0x8BB7, 0x0892, 0x3AD6, 0x859B, 0x7D7B, 0x7D3A, 0x6D3A, 0x6D1A, 0x753B, 0x755B, 0x4C18, 0x00D4, 0x49F4, 0xF6DD, 0xFDDC, 0xFE9C, 0x8CDB, 0x0010, 0x0000, 0x0000, 0x0000, 0x0000, 0x0000, 0x0000, 0x0000, 0x0000,
  0x0000, 0x0000, 0x0000, 0x0000, 0x0000, 0x000F, 0x52F6, 0xFF5C, 0xFE39, 0xB55B, 0x1112, 0x75DC, 0x8FBF, 0x77DF, 0x775F, 0x7F7F, 0x673F, 0x6F5F, 0x775F, 0x6F7F, 0x77FF, 0x7EDE, 0x0A34, 0x52F6, 0xFE9C, 0xFE3B, 0x94FB, 0x0011, 0x0000, 0x0000, 0x0000, 0x0000, 0x0000, 0x0000, 0x0000, 0x0000,
  0x0000, 0x0000, 0x0000, 0x0000, 0x0000, 0x0030, 0x31D4, 0xF77E, 0xF67B, 0x39D3, 0x7DFC, 0x77FF, 0x467E, 0x0AB7, 0x0052, 0x0093, 0x0071, 0x0091, 0x0072, 0x0133, 0x2CDC, 0x573F, 0x5F1F, 0x11F4, 0x9BD7, 0xFFFF, 0x6B98, 0x0011, 0x0000, 0x0000, 0x0000, 0x0000, 0x0000, 0x0000, 0x0000, 0x0000,
  0x0000, 0x0000, 0x0000, 0x0000, 0x0000, 0x0000, 0x0031, 0xC65D, 0x9478, 0x32F6, 0x7FDF, 0x2DBD, 0x0974, 0x4A35, 0xB57B, 0xA53A, 0xA51A, 0x9CFA, 0xAD5A, 0x73B7, 0x0893, 0x1B9A, 0x4F5F, 0x3D7C, 0x2154, 0xD6BD, 0x1912, 0x1952, 0x0000, 0x0000, 0x0000, 0x0000, 0x0000, 0x0000, 0x0000, 0x0000,
  0x0000, 0x0000, 0x0000, 0x0000, 0x0000, 0x0000, 0x0031, 0x2994, 0x39F4, 0x5DFD, 0x5F3F, 0x0195, 0x7BD8, 0xEFFF, 0xF7FF, 0xFFFF, 0x63FB, 0xD6FE, 0xFFFF, 0xEFFF, 0xC63D, 0x0894, 0x2D1C, 0x475F, 0x11B4, 0x2972, 0x0072, 0x1112, 0x0000, 0x0000, 0x0000, 0x0000, 0x0000, 0x0000, 0x0000, 0x0000,
  0x0000, 0x0000, 0x0000, 0x0000, 0x0000, 0x0051, 0x7C19, 0x8C58, 0x0134, 0x779F, 0x1BD9, 0x2994, 0xFFFF, 0xC77F, 0xC75F, 0xFFDF, 0x6C3A, 0xD6DE, 0xFFFF, 0xA73F, 0xFFFF, 0x8438, 0x01B5, 0x473F, 0x0B79, 0x4A74, 0xA53B, 0x08B3, 0x0000, 0x0000, 0x0000, 0x0000, 0x0000, 0x0000, 0x0000, 0x0000,
  0x0000, 0x0000, 0x0000, 0x0000, 0x0000, 0x08B2, 0xEF7E, 0xAD5A, 0x2378, 0x67FF, 0x0195, 0x94B9, 0xFFFF, 0xFFDF, 0xFFDF, 0xFFFF, 0x9DDC, 0xE75E, 0xFFFF, 0xFFDF, 0xFFBF, 0xEF9F, 0x2155, 0x3DFE, 0x24DC, 0x5B17, 0xFFFF, 0x2973, 0x0000, 0x0000, 0x0000, 0x0000, 0x0000, 0x0000, 0x0000, 0x0000,
  0x0000, 0x0000, 0x0000, 0x0000, 0x0000, 0x08B3, 0xDEBD, 0xACD9, 0x1B78, 0x35FE, 0x3A77, 0xCF5E, 0xB79F, 0xFFFF, 0xFFDF, 0xFFFF, 0x3A36, 0xBDFC, 0xFFFF, 0xFFFF, 0xD79F, 0xB7BF, 0x8C3A, 0x2C3A, 0x2CBB, 0x4AD6, 0xFEFE, 0x2953, 0x0000, 0x0000, 0x0000, 0x0000, 0x0000, 0x0000, 0x0000, 0x0000,
  0x0000, 0x0000, 0x0000, 0x0000, 0x0000, 0x08B1, 0xE5FC, 0x8C3A, 0x1BDA, 0x24BB, 0x62D5, 0xFFFF, 0xE79F, 0xFFDF, 0xFFDF, 0xFFFF, 0x4296, 0xBDFC, 0xFFFF, 0xFFDF, 0xF7DF, 0xEFFF, 0xBD9B, 0x1A95, 0x24BB, 0x4275, 0xFE5E, 0x3174, 0x0000, 0x0000, 0x0000, 0x0000, 0x0000, 0x0000, 0x0000, 0x0000,
  0x0000, 0x0000, 0x0000, 0x0000, 0x0000, 0x0091, 0xDD7C, 0x745A, 0x1BDA, 0x2CFB, 0x5AB5, 0xFFFF, 0xFFFF, 0xFFDF, 0xFFDF, 0xFFFF, 0x29D4, 0xBDFB, 0xFFFF, 0xFFDF, 0xFFDF, 0xFFFF, 0xAD39, 0x1AB5, 0x2CDC, 0x32B7, 0xE5DE, 0x2913, 0x0000, 0x0000, 0x0000, 0x0000, 0x0000, 0x0000, 0x0000, 0x0000,
  0x0000, 0x0000, 0x0000, 0x0000, 0x0000, 0x0052, 0x52B9, 0x32B9, 0x1BD9, 0x2D1C, 0x62F6, 0x769F, 0x869F, 0xFFFF, 0xFFFF, 0x6D1C, 0x02D8, 0x851B, 0xFFFF, 0xFFFF, 0xD75F, 0x563F, 0x94FA, 0x2AF6, 0x3D3D, 0x19B7, 0x52D8, 0x0052, 0x0000, 0x0000, 0x0000, 0x0000, 0x0000, 0x0000, 0x0000, 0x0000,
  0x0000, 0x0000, 0x0000, 0x0000, 0x0000, 0x0000, 0x00D3, 0x0010, 0x343B, 0x351B, 0x62F6, 0xC75F, 0xC73F, 0xFFFF, 0xFFFF, 0x9D9B, 0x0197, 0x2258, 0xF79F, 0xFFFF, 0xE77F, 0xB73F, 0xA53B, 0x22D6, 0x459E, 0x0032, 0x0092, 0x0000, 0x0000, 0x0000, 0x0000, 0x0000, 0x0000, 0x0000, 0x0000, 0x0000,
  0x0000, 0x0000, 0x0000, 0x0000, 0x0000, 0x0000, 0x0000, 0x000D, 0x2C1B, 0x351B, 0x6315, 0xFFFF, 0xFFFF, 0xFFDF, 0xFFDF, 0xFFFF, 0x8CBB, 0x0013, 0x63B9, 0xFFFF, 0xFFDF, 0xFFFF, 0xBD9B, 0x1A95, 0x3D7F, 0x0032, 0x1110, 0x0000, 0x0000, 0x0000, 0x0000, 0x0000, 0x0000, 0x0000, 0x0000, 0x0000,
  0x0000, 0x0000, 0x0000, 0x0000, 0x0000, 0x0000, 0x0000, 0x000F, 0x2BFA, 0x3D5D, 0x52B7, 0xDF9F, 0xBF7F, 0xFFDF, 0xFFDF, 0xFFFF, 0xFFFF, 0x547A, 0x00D4, 0xE71E, 0xE7BF, 0xC77F, 0xAD3B, 0x1B17, 0x3D7F, 0x0033, 0x00B0, 0x0000, 0x0000, 0x0000, 0x0000, 0x0000, 0x0000, 0x0000, 0x0000, 0x0000,
  0x0000, 0x0000, 0x0000, 0x0000, 0x0000, 0x0000, 0x0000, 0x0010, 0x23DA, 0x571F, 0x0995, 0xBE7C, 0xD7BF, 0xFFFF, 0xFFFF, 0xFFDF, 0xFFFF, 0xEFBF, 0xB61C, 0xFFFF, 0xE7BF, 0xD7DF, 0x4254, 0x3D1B, 0x3D9F, 0x0054, 0x0090, 0x0000, 0x0000, 0x0000, 0x0000, 0x0000, 0x0000, 0x0000, 0x0000, 0x0000,
  0x0000, 0x0000, 0x0000, 0x0000, 0x0000, 0x0000, 0x0000, 0x0072, 0x0A59, 0x4F5F, 0x0A96, 0x8C78, 0xFFFF, 0xDF9F, 0xE7BF, 0xFFDF, 0xEFBF, 0xFFDF, 0xFFFF, 0xC77F, 0xFFFF, 0xD69D, 0x1153, 0x5E9D, 0x1C1E, 0x0033, 0x0000, 0x0000, 0x0000, 0x0000, 0x0000, 0x0000, 0x0000, 0x0000, 0x0000, 0x0000,
  0x0000, 0x0000, 0x0000, 0x0000, 0x0000, 0x0000, 0x0000, 0x00D2, 0x00B3, 0x4E7F, 0x4DDD, 0x0892, 0xCE5C, 0xDFFF, 0xD79F, 0xFFFF, 0x5D5E, 0xD75F, 0xFFFF, 0xB77F, 0xFFFF, 0x4214, 0x2338, 0x67DF, 0x0A19, 0x0031, 0x0000, 0x0000, 0x0000, 0x0000, 0x0000, 0x0000, 0x0000, 0x0000, 0x0000, 0x0000,
  0x0000, 0x0000, 0x0000, 0x0000, 0x0000, 0x0000, 0x0000, 0x0000, 0x0051, 0x239A, 0x5FBF, 0x23B8, 0x18F2, 0xA53A, 0xF7BF, 0xF79F, 0xAE9E, 0xDF3E, 0xF7BF, 0xDEFD, 0x5296, 0x1A36, 0x571F, 0x255E, 0x0094, 0x00F1, 0x0000, 0x0000, 0x0000, 0x0000, 0x0000, 0x0000, 0x0000, 0x0000, 0x0000, 0x0000,
  0x0000, 0x0000, 0x0000, 0x0000, 0x0000, 0x0000, 0x0000, 0x0000, 0x00D2, 0x0093, 0x2D9E, 0x5FBF, 0x2BDA, 0x0933, 0x18D1, 0x1913, 0x2133, 0x18F1, 0x18D0, 0x10D1, 0x1297, 0x5EBE, 0x3EFF, 0x0218, 0x0030, 0x0000, 0x0000, 0x0000, 0x0000, 0x0000, 0x0000, 0x0000, 0x0000, 0x0000, 0x0000, 0x0000,
  0x0000, 0x0000, 0x0000, 0x0000, 0x0000, 0x0000, 0x0000, 0x0000, 0x0000, 0x0031, 0x0997, 0x35FF, 0x5FBF, 0x56DF, 0x3D5B, 0x45BC, 0x4DBC, 0x4DBC, 0x4D9B, 0x4DFC, 0x67BF, 0x36BF, 0x13BC, 0x0052, 0x0911, 0x0000, 0x0000, 0x0000, 0x0000, 0x0000, 0x0000, 0x0000, 0x0000, 0x0000, 0x0000, 0x0000,
  0x0000, 0x0000, 0x0000, 0x0000, 0x0000, 0x0000, 0x0000, 0x0000, 0x0000, 0x0000, 0x0052, 0x0156, 0x141B, 0x249B, 0x2CFC, 0x351B, 0x353B, 0x355C, 0x3D5C, 0x2CDC, 0x147C, 0x02D9, 0x0052, 0x00F3, 0x0000, 0x0000, 0x0000, 0x0000, 0x0000, 0x0000, 0x0000, 0x0000, 0x0000, 0x0000, 0x0000, 0x0000,
  0x0000, 0x0000, 0x0000, 0x0000, 0x0000, 0x0000, 0x0000, 0x0000, 0x0000, 0x0000, 0x0872, 0x0010, 0x000F, 0x0010, 0x000F, 0x000F, 0x000F, 0x000F, 0x0010, 0x0011, 0x0011, 0x0010, 0x002F, 0x0000, 0x0000, 0x0000, 0x0000, 0x0000, 0x0000, 0x0000, 0x0000, 0x0000, 0x0000, 0x0000, 0x0000, 0x0000,
  0x0000, 0x0000, 0x0000, 0x0000, 0x0000, 0x0000, 0x071F, 0x06FF, 0x067F, 0x063E, 0x0DDE, 0x0CBA, 0x0CDA, 0x14FB, 0x0CDA, 0x0CDB, 0x0CDB, 0x0CBA, 0x0CBA, 0x0CDB, 0x14FB, 0x0CDB, 0x0D3B, 0x06BF, 0x069F, 0x067F, 0x06DF, 0x06FF, 0x0000, 0x0000, 0x0000, 0x0000, 0x0000, 0x0000, 0x0000, 0x0000,
  0x0000, 0x0000, 0x0000, 0x0000, 0x061E, 0x053B, 0x047A, 0x049A, 0x0479, 0x049A, 0x04BB, 0x0479, 0x04DA, 0x04DA, 0x0499, 0x04BA, 0x04BA, 0x04BA, 0x0499, 0x0499, 0x04BA, 0x0479, 0x047A, 0x04DB, 0x049A, 0x0479, 0x0479, 0x0459, 0x04FB, 0x05DD, 0x0000, 0x0000, 0x0000, 0x0000, 0x0000, 0x0000
};

// Icon 8: gome_19.png (LICH)
static const uint16_t GOME_ICON_8[1296] PROGMEM = {
  0x0000, 0x0000, 0x0000, 0x0000, 0x0000, 0x0000, 0x0000, 0x0000, 0x0000, 0x0000, 0x0000, 0x0000, 0x0000, 0x0000, 0x0000, 0x0000, 0x0000, 0x0000, 0x0000, 0x0000, 0x0000, 0x0000, 0x0000, 0x0000, 0x0000, 0x0000, 0x0000, 0x0000, 0x0000, 0x0000, 0x0000, 0x0000, 0x0000, 0x0000, 0x0000, 0x0000,
  0x0000, 0x0000, 0x0000, 0x0000, 0x0000, 0x0000, 0x0000, 0x0000, 0x0000, 0x0000, 0x0000, 0x0000, 0x0000, 0x0000, 0x0000, 0x0000, 0x0000, 0x0000, 0x0000, 0x0000, 0x0000, 0x0000, 0x0000, 0x0000, 0x0000, 0x0000, 0x0000, 0x0000, 0x0000, 0x0000, 0x0000, 0x0000, 0x0000, 0x0000, 0x0000, 0x0000,
  0x0000, 0x0000, 0x0000, 0x0000, 0x0000, 0x0000, 0x0000, 0x0000, 0x0000, 0x0000, 0x0000, 0x0000, 0x0000, 0x0000, 0x0000, 0x0000, 0x0000, 0x0000, 0x0000, 0x0000, 0x0000, 0x0000, 0x0000, 0x0000, 0x0000, 0x0000, 0x0000, 0x0000, 0x0000, 0x0000, 0x0000, 0x0000, 0x0000, 0x0000, 0x0000, 0x0000,
  0x0000, 0x0000, 0x0000, 0x0000, 0x0000, 0x0000, 0x0000, 0x0000, 0x0000, 0x0000, 0x0000, 0x0000, 0x0000, 0x0000, 0x0000, 0x0000, 0x0000, 0x0000, 0x0000, 0x0000, 0x0000, 0x0000, 0x0000, 0x0000, 0x0000, 0x0000, 0x0000, 0x0000, 0x0000, 0x0000, 0x0000, 0x0000, 0x0000, 0x0000, 0x0000, 0x0000,
  0x0000, 0x0000, 0x0000, 0x0000, 0x0000, 0x0000, 0x0000, 0x0000, 0x0000, 0x0000, 0x0000, 0x0000, 0x0000, 0x0000, 0x0000, 0x0000, 0x0000, 0x0000, 0x0000, 0x0000, 0x0000, 0x0000, 0x0000, 0x0000, 0x0000, 0x0000, 0x0000, 0x0000, 0x0000, 0x0000, 0x0000, 0x0000, 0x0000, 0x0000, 0x0000, 0x0000,
  0x0000, 0x0000, 0x0000, 0x0000, 0x0000, 0x0000, 0x0000, 0x0000, 0x0000, 0x0000, 0x0000, 0x0000, 0x0000, 0x0000, 0x0000, 0x0000, 0x0000, 0x0000, 0x0000, 0x0000, 0x0000, 0x0000, 0x0000, 0x0000, 0x0000, 0x0000, 0x0000, 0x0000, 0x0000, 0x0000, 0x0000, 0x0000, 0x0000, 0x0000, 0x0000, 0x0000,
  0x0000, 0x0000, 0x0000, 0x0000, 0x0000, 0x0000, 0x0000, 0x0000, 0x0000, 0x0000, 0x0000, 0x0000, 0x0000, 0x0000, 0x0000, 0x0000, 0x0000, 0x0000, 0x0000, 0x0000, 0x0000, 0x0000, 0x0000, 0x0000, 0x0000, 0x0000, 0x0000, 0x0000, 0x0000, 0x0000, 0x0000, 0x0000, 0x0000, 0x0000, 0x0000, 0x0000,
  0x0000, 0x0000, 0x0000, 0x0000, 0x0000, 0x0000, 0x0000, 0x0000, 0x0000, 0x0000, 0x0000, 0x0031, 0x0011, 0x0000, 0x0000, 0x0000, 0x0000, 0x0000, 0x0000, 0x0000, 0x0000, 0x0012, 0x08B3, 0x0000, 0x0000, 0x0000, 0x0000, 0x0000, 0x0000, 0x0000, 0x0000, 0x0000, 0x0000, 0x0000, 0x0000, 0x0000,
  0x0000, 0x0000, 0x0000, 0x0000, 0x0000, 0x0000, 0x0000, 0x0000, 0x0000, 0x0000, 0x0000, 0x3215, 0x5BFA, 0x08D3, 0x0000, 0x0000, 0x0000, 0x0000, 0x0000, 0x0000, 0x19B5, 0x541B, 0x0953, 0x0000, 0x0000, 0x0000, 0x0000, 0x0000, 0x0000, 0x0000, 0x0000, 0x0000, 0x0000, 0x0000, 0x0000, 0x0000,
  0x0000, 0x0000, 0x0000, 0x0000, 0x0000, 0x0000, 0x0000, 0x0000, 0x0000, 0x08F1, 0x0031, 0x73D8, 0xF73E, 0x0892, 0x0092, 0x00D3, 0x00D4, 0x00D3, 0x00F3, 0x0071, 0x3235, 0xDFBF, 0x19B3, 0x0052, 0x00F3, 0x0000, 0x0000, 0x0000, 0x0000, 0x0000, 0x0000, 0x0000, 0x0000, 0x0000, 0x0000, 0x0000,
  0x0000, 0x0000, 0x0000, 0x0000, 0x0000, 0x0000, 0x0000, 0x0000, 0x0092, 0x08B1, 0x0031, 0x6BB8, 0xF5DC, 0x1071, 0x00B2, 0x08D3, 0x00D3, 0x00D3, 0x08D4, 0x0072, 0x29D3, 0xEE1D, 0x2152, 0x0092, 0x0093, 0x0092, 0x0000, 0x0000, 0x0000, 0x0000, 0x0000, 0x0000, 0x0000, 0x0000, 0x0000, 0x0000,
  0x0000, 0x0000, 0x0000, 0x0000, 0x0000, 0x0000, 0x0000, 0x00B3, 0x21B6, 0x8EFE, 0x4459, 0x6B56, 0xF5DC, 0x2194, 0x6EBD, 0x6EBD, 0x6E9D, 0x6E9D, 0x76FE, 0x5DDC, 0x3214, 0xF63E, 0x31B4, 0x4DBC, 0x667D, 0x08D4, 0x0052, 0x0000, 0x0000, 0x0000, 0x0000, 0x0000, 0x0000, 0x0000, 0x0000, 0x0000,
  0x0000, 0x0000, 0x0000, 0x0000, 0x0000, 0x0000, 0x0000, 0x08F3, 0x7DFD, 0x473F, 0x0BFB, 0x5A76, 0xACDC, 0x09B6, 0x165F, 0x163F, 0x163F, 0x163F, 0x165F, 0x157E, 0x2953, 0xBCFD, 0x1195, 0x0CFC, 0x373F, 0x4D1C, 0x0032, 0x0000, 0x0000, 0x0000, 0x0000, 0x0000, 0x0000, 0x0000, 0x0000, 0x0000,
  0x0000, 0x0000, 0x0000, 0x0000, 0x0000, 0x0000, 0x0000, 0x1172, 0x4E9E, 0x05DF, 0x059F, 0x0955, 0x0831, 0x03DB, 0x061F, 0x05BF, 0x05BF, 0x05DF, 0x05BF, 0x05FF, 0x0256, 0x0812, 0x02F8, 0x05DF, 0x05BF, 0x367F, 0x0156, 0x000F, 0x0000, 0x0000, 0x0000, 0x0000, 0x0000, 0x0000, 0x0000, 0x0000,
  0x0000, 0x0000, 0x0000, 0x0000, 0x0000, 0x0000, 0x0000, 0x1152, 0x363E, 0x059F, 0x05DF, 0x049D, 0x03FB, 0x05BF, 0x05FF, 0x05DF, 0x05DF, 0x05BF, 0x059F, 0x05DF, 0x057E, 0x041B, 0x059E, 0x05BF, 0x05BF, 0x1E3F, 0x0176, 0x000F, 0x0000, 0x0000, 0x0000, 0x0000, 0x0000, 0x0000, 0x0000, 0x0000,
  0x0000, 0x0000, 0x0000, 0x0000, 0x0000, 0x0000, 0x0000, 0x1173, 0x5DFE, 0x23FE, 0x1BDD, 0x245E, 0x249F, 0x241D, 0x1C3E, 0x1C5E, 0x247E, 0x245E, 0x1C3D, 0x245E, 0x249F, 0x24BF, 0x1C3E, 0x243E, 0x1C3D, 0x35DF, 0x0197, 0x0010, 0x0000, 0x0000, 0x0000, 0x0000, 0x0000, 0x0000, 0x0000, 0x0000,
  0x0000, 0x0000, 0x0000, 0x0000, 0x0000, 0x0000, 0x0000, 0x0952, 0xCF7E, 0xF79F, 0xF77F, 0xFF9F, 0xF77F, 0xEF7F, 0xF79F, 0xF79F, 0xF79F, 0xF79F, 0xF79F, 0xF79F, 0xF79F, 0xF77F, 0xF79F, 0xEF9F, 0xF7BF, 0x86DF, 0x0137, 0x0810, 0x0000, 0x0000, 0x0000, 0x0000, 0x0000, 0x0000, 0x0000, 0x0000,
  0x0000, 0x0000, 0x0000, 0x0000, 0x0000, 0x0000, 0x0000, 0x0932, 0xCF9E, 0xFFFF, 0xEFDF, 0xDFBF, 0xFFFF, 0xFFFF, 0xDFDF, 0xEFDF, 0xFFFF, 0xFFFF, 0xDFBF, 0xFFFF, 0xFFFF, 0xEFDF, 0xDFBF, 0xFFFF, 0xFFFF, 0x86FF, 0x0137, 0x080F, 0x0000, 0x0000, 0x0000, 0x0000, 0x0000, 0x0000, 0x0000, 0x0000,
  0x0000, 0x0000, 0x0000, 0x0000, 0x0000, 0x0000, 0x0000, 0x0933, 0xD79E, 0xFFFF, 0x76BF, 0x467F, 0xE7BF, 0xE7BF, 0x4E9F, 0x76FF, 0xFFFF, 0xA73F, 0x467F, 0xB75F, 0xFFFF, 0x8F1F, 0x3E9F, 0xBF7F, 0xFFFF, 0x8F1F, 0x0137, 0x080F, 0x0000, 0x0000, 0x0000, 0x0000, 0x0000, 0x0000, 0x0000, 0x0000,
  0x0000, 0x0000, 0x0000, 0x0000, 0x0000, 0x0000, 0x0000, 0x0953, 0xD79E, 0xFFDF, 0x4E7F, 0x3E7F, 0xD79F, 0xD79F, 0x3E5F, 0x56BF, 0xFFFF, 0x7EFF, 0x365F, 0x9F3F, 0xFFFF, 0x76DF, 0x367F, 0xA73F, 0xFFFF, 0x8F1F, 0x0157, 0x000F, 0x0000, 0x0000, 0x0000, 0x0000, 0x0000, 0x0000, 0x0000, 0x0000,
  0x0000, 0x0000, 0x0000, 0x0000, 0x0000, 0x0000, 0x0000, 0x0953, 0xCF9E, 0xFFFF, 0x9F1F, 0x76DF, 0xF7DF, 0xF7DF, 0x76DF, 0x9F3F, 0xFFFF, 0xC77F, 0x6EDF, 0xD79F, 0xFFFF, 0xB75F, 0x76FF, 0xDFBF, 0xFFFF, 0x86FF, 0x0157, 0x080F, 0x0000, 0x0000, 0x0000, 0x0000, 0x0000, 0x0000, 0x0000, 0x0000,
  0x0000, 0x0000, 0x0000, 0x0000, 0x0000, 0x0000, 0x0000, 0x0953, 0xCF9E, 0xFFFF, 0xFFFF, 0xFFFF, 0xFFDF, 0xFFFF, 0xFFFF, 0xFFFF, 0xFFDF, 0xFFFF, 0xFFFF, 0xFFFF, 0xFFFF, 0xFFFF, 0xFFFF, 0xFFFF, 0xFFFF, 0x86FF, 0x0137, 0x080F, 0x0000, 0x0000, 0x0000, 0x0000, 0x0000, 0x0000, 0x0000, 0x0000,
  0x0000, 0x0000, 0x0000, 0x0000, 0x0000, 0x0000, 0x0000, 0x0953, 0xCF9E, 0xFFFF, 0xBF7F, 0xA73F, 0xFFFF, 0xF7DF, 0x971F, 0xBF5F, 0xFFFF, 0xEFDF, 0xD7BF, 0xF7FF, 0xFF3E, 0xFF1E, 0xFEDE, 0xFF1E, 0xFFFF, 0x86FF, 0x0136, 0x080F, 0x0000, 0x0000, 0x0000, 0x0000, 0x0000, 0x0000, 0x0000, 0x0000,
  0x0000, 0x0000, 0x0000, 0x0000, 0x0000, 0x0000, 0x0000, 0x0953, 0xD79E, 0xFFFF, 0x66BF, 0x467F, 0xE7BF, 0xD79F, 0x3E7F, 0x6EFF, 0xFFFF, 0xB79F, 0x7F3F, 0xDFDF, 0xFDFC, 0xFD1B, 0xFCDB, 0xFD9C, 0xFFFF, 0x871F, 0x0136, 0x080F, 0x0000, 0x0000, 0x0000, 0x0000, 0x0000, 0x0000, 0x0000, 0x0000,
  0x0000, 0x0000, 0x0000, 0x0000, 0x0000, 0x0000, 0x0000, 0x0953, 0xD79E, 0xFFFF, 0x66BF, 0x3E5F, 0xE7BF, 0xDF9F, 0x467F, 0x7F1F, 0xFFFF, 0xBF9F, 0x773F, 0xE7DF, 0xFD9C, 0xFCFB, 0xFCBB, 0xFD3B, 0xFFFF, 0x8EFF, 0x0137, 0x080F, 0x0000, 0x0000, 0x0000, 0x0000, 0x0000, 0x0000, 0x0000, 0x0000,
  0x0000, 0x0000, 0x0000, 0x0000, 0x0000, 0x0000, 0x0000, 0x0933, 0xCF7E, 0xFFFF, 0xDF9F, 0xCF7F, 0xFFDF, 0xFFDF, 0xD79F, 0xE7BF, 0xFFFF, 0xF7DF, 0xE7DF, 0xFFFF, 0xFE5D, 0xFCDB, 0xFCDB, 0xFE9D, 0xFFFF, 0x8EFF, 0x0157, 0x000F, 0x0000, 0x0000, 0x0000, 0x0000, 0x0000, 0x0000, 0x0000, 0x0000,
  0x0000, 0x0000, 0x0000, 0x0000, 0x0000, 0x0000, 0x0000, 0x0933, 0xCF7E, 0xFFFF, 0xF7DF, 0xF7DF, 0xFFDF, 0xFFDF, 0xF7DF, 0xFFDF, 0xFFFF, 0xFFDF, 0xEFBF, 0xFFFF, 0xFFDF, 0xFD1B, 0xFDBC, 0xFFFF, 0xFFFF, 0x86FF, 0x0137, 0x000F, 0x0000, 0x0000, 0x0000, 0x0000, 0x0000, 0x0000, 0x0000, 0x0000,
  0x0000, 0x0000, 0x0000, 0x0000, 0x0000, 0x0000, 0x0000, 0x0932, 0xCF7E, 0xFFFF, 0x86FF, 0x5E9F, 0xEFBF, 0xE7BF, 0x4E7F, 0x8EFF, 0xFFFF, 0xB75F, 0x569F, 0xBF7F, 0xFFFF, 0xFF1E, 0xFF3E, 0xFFFF, 0xFFFF, 0x86FF, 0x0137, 0x080F, 0x0000, 0x0000, 0x0000, 0x0000, 0x0000, 0x0000, 0x0000, 0x0000,
  0x0000, 0x0000, 0x0000, 0x0000, 0x0000, 0x0000, 0x0000, 0x0932, 0xCF7E, 0xFFFF, 0x5EBF, 0x3E5F, 0xD79F, 0xCF7F, 0x363F, 0x5EBF, 0xFFFF, 0x8F1F, 0x3E5F, 0x9F3F, 0xFFFF, 0xE7DF, 0xEFDF, 0xFFDF, 0xFFFF, 0x8EFF, 0x0136, 0x0810, 0x0000, 0x0000, 0x0000, 0x0000, 0x0000, 0x0000, 0x0000, 0x0000,
  0x0000, 0x0000, 0x0000, 0x0000, 0x0000, 0x0000, 0x0000, 0x0932, 0xCF7E, 0xFFFF, 0x96FF, 0x5EBF, 0xEFBF, 0xEFBF, 0x5E9F, 0x8F1F, 0xFFFF, 0xBF7F, 0x66BF, 0xCF9F, 0xFFFF, 0xD7BF, 0xDFBF, 0xFFDF, 0xFFFF, 0x6E3F, 0x0117, 0x0830, 0x0000, 0x0000, 0x0000, 0x0000, 0x0000, 0x0000, 0x0000, 0x0000,
  0x0000, 0x0000, 0x0000, 0x0000, 0x0000, 0x0000, 0x0000, 0x0933, 0x9F7F, 0xFFFF, 0xFFFF, 0xFFDF, 0xFFDF, 0xFFFF, 0xFFFF, 0xFFFF, 0xFFDF, 0xFFFF, 0xFFFF, 0xFFFF, 0xFFFF, 0xFFFF, 0xFFDF, 0xFFDF, 0xDFDF, 0x1C9E, 0x0033, 0x00B1, 0x0000, 0x0000, 0x0000, 0x0000, 0x0000, 0x0000, 0x0000, 0x0000,
  0x0000, 0x0000, 0x0000, 0x0000, 0x0000, 0x0000, 0x0000, 0x0031, 0x349B, 0xB7FF, 0xC7DF, 0xCFDF, 0xCFDF, 0xC7DF, 0xCFDF, 0xC7DF, 0xC7DF, 0xC7DF, 0xC7DF, 0xC7DF, 0xCFFF, 0xCFFF, 0xC7DF, 0xCFFF, 0x569F, 0x01D8, 0x0030, 0x0000, 0x0000, 0x0000, 0x0000, 0x0000, 0x0000, 0x0000, 0x0000, 0x0000,
  0x0000, 0x0000, 0x0000, 0x0000, 0x0000, 0x0000, 0x0000, 0x0090, 0x0114, 0x1359, 0x1338, 0x1B59, 0x1B39, 0x1318, 0x1318, 0x1318, 0x1338, 0x1318, 0x1318, 0x1318, 0x1B38, 0x1B38, 0x1318, 0x1B79, 0x0A17, 0x0031, 0x0000, 0x0000, 0x0000, 0x0000, 0x0000, 0x0000, 0x0000, 0x0000, 0x0000, 0x0000,
  0x0000, 0x0000, 0x0000, 0x0000, 0x0000, 0x0000, 0x0000, 0x0000, 0x084F, 0x000E, 0x0010, 0x0010, 0x0010, 0x0010, 0x000E, 0x000E, 0x000F, 0x000F, 0x000F, 0x000E, 0x000F, 0x000F, 0x000F, 0x0010, 0x0010, 0x080E, 0x0000, 0x0000, 0x0000, 0x0000, 0x0000, 0x0000, 0x0000, 0x0000, 0x0000, 0x0000,
  0x0000, 0x0000, 0x0000, 0x0000, 0x0000, 0x0000, 0x0000, 0x0000, 0x0DDD, 0x0D1B, 0x151C, 0x151B, 0x155C, 0x155C, 0x153B, 0x155C, 0x153B, 0x153B, 0x155C, 0x155C, 0x153B, 0x153C, 0x155C, 0x155C, 0x0D5C, 0x067E, 0x0000, 0x0000, 0x0000, 0x0000, 0x0000, 0x0000, 0x0000, 0x0000, 0x0000, 0x0000,
  0x0000, 0x0000, 0x0000, 0x0000, 0x0000, 0x0000, 0x0000, 0x05DD, 0x04DB, 0x0479, 0x04B9, 0x049A, 0x04DA, 0x04BA, 0x0499, 0x04B9, 0x0499, 0x04B9, 0x04BA, 0x04DA, 0x04BA, 0x04B9, 0x04DA, 0x04DA, 0x04BA, 0x049B, 0x053C, 0x0000, 0x0000, 0x0000, 0x0000, 0x0000, 0x0000, 0x0000, 0x0000, 0x0000
};

// Icon 9: gome_38.png (THIET_BI)
static const uint16_t GOME_ICON_9[1296] PROGMEM = {
  0x0000, 0x0000, 0x0000, 0x0000, 0x0000, 0x0000, 0x0000, 0x0000, 0x0000, 0x0000, 0x0000, 0x0000, 0x0000, 0x00B4, 0x0092, 0x0133, 0x00D3, 0x0000, 0x0000, 0x0000, 0x0000, 0x0000, 0x0000, 0x0000, 0x0000, 0x0000, 0x0000, 0x0000, 0x0000, 0x0000, 0x0000, 0x0000, 0x0000, 0x0000, 0x0000, 0x0000,
  0x0000, 0x0000, 0x0000, 0x0000, 0x0000, 0x0000, 0x0000, 0x0000, 0x0000, 0x0000, 0x0000, 0x0000, 0x0000, 0x53FA, 0x9DFD, 0x32D7, 0x859D, 0x19F5, 0x0000, 0x0000, 0x0000, 0x0000, 0x0000, 0x0000, 0x0000, 0x0000, 0x0000, 0x0000, 0x0000, 0x0000, 0x0000, 0x0000, 0x0000, 0x0000, 0x0000, 0x0000,
  0x0000, 0x0000, 0x0000, 0x0000, 0x0000, 0x0000, 0x0000, 0x0000, 0x0000, 0x0000, 0x0000, 0x0000, 0x21F6, 0xB6DF, 0x8DFD, 0x963D, 0x963D, 0x53B8, 0x0000, 0x0000, 0x0000, 0x0000, 0x0000, 0x0000, 0x0000, 0x0000, 0x0000, 0x0000, 0x0000, 0x0000, 0x0000, 0x0000, 0x0000, 0x0000, 0x0000, 0x0000,
  0x0000, 0x0000, 0x0000, 0x0000, 0x0000, 0x0000, 0x0000, 0x0000, 0x0000, 0x0000, 0x0000, 0x0000, 0x3297, 0xA5FD, 0x2A36, 0x3296, 0x5C19, 0x5398, 0x0000, 0x0000, 0x0000, 0x0000, 0x0000, 0x0000, 0x0000, 0x0000, 0x0000, 0x0000, 0x0000, 0x0000, 0x0000, 0x0000, 0x0000, 0x0000, 0x0000, 0x0000,
  0x0000, 0x0000, 0x0000, 0x0000, 0x0000, 0x0000, 0x0000, 0x0000, 0x0000, 0x0000, 0x0000, 0x0000, 0x3256, 0x857D, 0x5BD9, 0x4B36, 0x6CBA, 0x2A36, 0x0000, 0x0000, 0x00D2, 0x08D1, 0x08D2, 0x0000, 0x0000, 0x0000, 0x0000, 0x0000, 0x0000, 0x0000, 0x0000, 0x0000, 0x0000, 0x0000, 0x0000, 0x0000,
  0x0000, 0x0000, 0x0000, 0x0000, 0x0000, 0x0000, 0x0000, 0x08F3, 0x0000, 0x0000, 0x0000, 0x0000, 0x0031, 0x3B38, 0x3BF9, 0x42B5, 0x1135, 0x2A36, 0x3AD5, 0x1133, 0x5317, 0xDF1E, 0x52D6, 0x0000, 0x0000, 0x0000, 0x0000, 0x0000, 0x0000, 0x0000, 0x0000, 0x0000, 0x0000, 0x0000, 0x0000, 0x0000,
  0x0000, 0x0000, 0x0000, 0x0000, 0x0000, 0x1973, 0x1112, 0x1912, 0x08B3, 0x1974, 0x3276, 0x08F3, 0x3A76, 0x21D4, 0x19F4, 0x1114, 0x1954, 0x10D2, 0x1973, 0xAD7A, 0xFFFF, 0xFE9A, 0xA498, 0x002F, 0x0000, 0x0000, 0x0000, 0x0000, 0x0000, 0x0000, 0x0000, 0x0000, 0x0000, 0x0000, 0x0000, 0x0000,
  0x0000, 0x0000, 0x0000, 0x0000, 0x0000, 0x1932, 0xC65D, 0xEF9F, 0x6B78, 0x2974, 0x19B5, 0x9E5D, 0x753D, 0x6CDD, 0xB63D, 0xBE7E, 0xC69E, 0xC6DE, 0x4359, 0x95BD, 0xFF3C, 0xFC54, 0xACB8, 0x0070, 0x0000, 0x0000, 0x0000, 0x0000, 0x0000, 0x0000, 0x0000, 0x0000, 0x0000, 0x0000, 0x0000, 0x0000,
  0x0000, 0x0000, 0x0000, 0x0000, 0x0000, 0x5317, 0xFF3C, 0xFF1C, 0xFFFF, 0xEF5E, 0x6375, 0x4B96, 0x7D5D, 0xE77F, 0xCEDE, 0xA59D, 0xA59D, 0xCEBE, 0xD75F, 0x5C5B, 0xA3F5, 0xFD77, 0xACFA, 0x0092, 0x0000, 0x0000, 0x0000, 0x0000, 0x0000, 0x0000, 0x0000, 0x0000, 0x0000, 0x0000, 0x0000, 0x0000,
  0x0000, 0x0000, 0x0000, 0x0000, 0x0000, 0x5B56, 0xFEBB, 0xF4B5, 0xF6DC, 0xFFFF, 0xAD99, 0x4B16, 0xEFBF, 0xE75E, 0xC69E, 0xD6DE, 0xE75E, 0xC65E, 0xD6BE, 0xDF7F, 0x4B57, 0xDDB9, 0xBD9B, 0x0052, 0x0000, 0x0000, 0x0000, 0x0000, 0x0000, 0x0000, 0x0000, 0x0000, 0x0000, 0x0000, 0x0000, 0x0000,
  0x0000, 0x0000, 0x0000, 0x0000, 0x0000, 0x5336, 0xFEFC, 0xFC57, 0xFD17, 0xEF3C, 0x5B97, 0xC69F, 0xE75E, 0xD6DF, 0xEF7F, 0xE73E, 0xEF7E, 0xEF7E, 0xDF1E, 0xDF1E, 0x9E1D, 0x7479, 0xB5BC, 0x0010, 0x0000, 0x0000, 0x0000, 0x0000, 0x0000, 0x0000, 0x0000, 0x0000, 0x0000, 0x0000, 0x0000, 0x0000,
  0x0000, 0x0000, 0x0000, 0x0000, 0x0000, 0x5336, 0xFE9C, 0xF417, 0xFF1D, 0x9D17, 0x7C79, 0xFFDF, 0xDEFE, 0xDF1E, 0xEF9E, 0xEF7F, 0xEF7E, 0xEF9E, 0xDF1E, 0xD6DE, 0xE77F, 0x753B, 0x4AF5, 0x21B4, 0x0000, 0x0000, 0x0000, 0x0000, 0x0000, 0x0000, 0x0000, 0x0000, 0x0000, 0x0000, 0x0000, 0x0000,
  0x0000, 0x0000, 0x0000, 0x0000, 0x0000, 0x5336, 0xFE7C, 0xFD9A, 0xEF7D, 0x5333, 0xBE7F, 0xFFDF, 0xE73E, 0xEF7E, 0xE73E, 0xEF5E, 0xF79F, 0xFFDF, 0xDF1E, 0xE75E, 0xF77E, 0xB75F, 0x09D3, 0x3A12, 0x0000, 0x0000, 0x0000, 0x0000, 0x0000, 0x0000, 0x0000, 0x0000, 0x0000, 0x0000, 0x0000, 0x0000,
  0x0000, 0x0000, 0x0000, 0x0000, 0x0000, 0x5315, 0xFF9E, 0xFEDC, 0xB5B8, 0x5BB5, 0xE77F, 0xEF7E, 0xE75F, 0xFFDF, 0xE71E, 0xEF5E, 0xFFDF, 0xF7BE, 0xE75E, 0xE75F, 0xEF5E, 0xE7DF, 0x5CBC, 0x08D4, 0x0000, 0x0000, 0x0000, 0x0000, 0x0000, 0x0000, 0x0000, 0x0000, 0x0000, 0x0000, 0x0000, 0x0000,
  0x0000, 0x0000, 0x0000, 0x0000, 0x21D4, 0x2A56, 0xE75E, 0xFFFF, 0x6B72, 0x8D3B, 0xEF9F, 0xE75E, 0xE73E, 0xFFFF, 0xDF1E, 0xE71E, 0xF7BE, 0xEF7E, 0xEF7E, 0xE75F, 0xDF1E, 0xE71E, 0xCF5F, 0x2A57, 0x0000, 0x0000, 0x0000, 0x0000, 0x0000, 0x0000, 0x0000, 0x0000, 0x0000, 0x0000, 0x0000, 0x0000,
  0x0000, 0x0000, 0x0000, 0x0000, 0x3277, 0x539A, 0xD6BE, 0xF79E, 0x5B11, 0xCE9E, 0xF7BF, 0xDF1E, 0xE73E, 0xFFDF, 0xCE7D, 0xCE9D, 0xF7BF, 0xF79E, 0xDF1D, 0xBDDB, 0xDF3F, 0xE71E, 0xF7FF, 0x8D3C, 0x0092, 0x0000, 0x0000, 0x0000, 0x0000, 0x0000, 0x0000, 0x0000, 0x0000, 0x0000, 0x0000, 0x0000,
  0x0000, 0x0000, 0x0000, 0x0000, 0x5B98, 0x8CFB, 0xA53B, 0xD69A, 0x3A2E, 0xDF5F, 0xF7BE, 0xDF1E, 0xE73E, 0xF7DF, 0xC599, 0xCDDA, 0xF7DF, 0xF79E, 0xDEFD, 0x9BF5, 0xDEFE, 0xDF1E, 0xD6DE, 0xA61D, 0x6418, 0x0093, 0x0000, 0x0000, 0x0000, 0x0000, 0x0000, 0x0000, 0x0000, 0x0000, 0x0000, 0x0000,
  0x0000, 0x0000, 0x0000, 0x0000, 0x6BF9, 0xC69C, 0x4A4E, 0x7390, 0x63D5, 0xE77F, 0xF79E, 0xE73E, 0xE75E, 0xE75F, 0xACB6, 0xCD98, 0xF7BF, 0xF7BF, 0xD6BD, 0xC4B4, 0xCE3B, 0xCEDF, 0xD6FE, 0x5BD9, 0x745A, 0x00F5, 0x0000, 0x0000, 0x0000, 0x0000, 0x0000, 0x0000, 0x0000, 0x0000, 0x0000, 0x0000,
  0x0000, 0x0000, 0x0000, 0x00B3, 0x9D7C, 0xD6DC, 0x29CE, 0x198C, 0x8C96, 0xEF9F, 0xF79E, 0xDEFE, 0xE75F, 0xC63C, 0xDE59, 0xE659, 0xEF3E, 0xEFBF, 0xBDBB, 0xF6B8, 0xCE1A, 0xB5DD, 0xF7FF, 0x4B58, 0x0093, 0x0000, 0x0000, 0x0000, 0x0000, 0x0000, 0x0000, 0x0000, 0x0000, 0x0000, 0x0000, 0x0000,
  0x0000, 0x0000, 0x0000, 0x0092, 0xBE3D, 0xD6DC, 0x2A32, 0x118E, 0x94B5, 0xEF9F, 0xEF9E, 0xCE7D, 0xD6DE, 0xCE3B, 0xFF7B, 0xEE59, 0xE6DD, 0xBDFC, 0xC599, 0x8B8E, 0x7B0D, 0xBD79, 0xEFFF, 0x53B9, 0x0933, 0x0000, 0x0000, 0x0000, 0x0000, 0x0000, 0x0000, 0x0000, 0x0000, 0x0000, 0x0000, 0x0000,
  0x0000, 0x0000, 0x0000, 0x00B3, 0xB5FD, 0xD6DD, 0x090B, 0x0087, 0x7BF3, 0xEF9F, 0xF79E, 0xBE1C, 0xC61C, 0xA471, 0x5228, 0xE637, 0xBD9B, 0xDDB8, 0xC4F3, 0x006A, 0x1086, 0x6AF0, 0xDF5F, 0x5C1A, 0x0051, 0x0032, 0x0054, 0x00F4, 0x0000, 0x0000, 0x0000, 0x0000, 0x0000, 0x0000, 0x0000, 0x0000,
  0x0000, 0x0000, 0x0000, 0x00B3, 0xC65E, 0x8CB7, 0x4A0E, 0x4A6F, 0x3A70, 0xEF9F, 0xF7BE, 0xC63D, 0xAC72, 0x10A9, 0x00AE, 0xA451, 0xF6F9, 0xFF9B, 0xA517, 0x22BC, 0x83B3, 0x5AB0, 0xC6BF, 0x10F2, 0x0319, 0x03FC, 0x041D, 0x0176, 0x0093, 0x0000, 0x0000, 0x0000, 0x0000, 0x0000, 0x0000, 0x0000,
  0x0000, 0x0000, 0x0000, 0x08B3, 0xB5FD, 0x5B33, 0xE4F6, 0xDCD7, 0x4271, 0xE73E, 0xF7DF, 0xBDFC, 0x49C9, 0x3B39, 0x2B7D, 0xC599, 0xFF7A, 0xFF9B, 0x953B, 0x0ADE, 0xBD38, 0x9437, 0x6355, 0x0317, 0x163F, 0x159F, 0x059F, 0x041D, 0x00D4, 0x0000, 0x0000, 0x0000, 0x0000, 0x0000, 0x0000, 0x0000,
  0x0000, 0x0000, 0x0000, 0x29F6, 0xD6FE, 0x5AD3, 0xD539, 0xFE9C, 0x5250, 0xC65B, 0xFFFF, 0x9519, 0x724A, 0x64DE, 0x027C, 0xCE1A, 0xFF7B, 0xFF5A, 0x9E5C, 0x1DBF, 0xBD99, 0x7335, 0x1253, 0x0DDF, 0x0D3F, 0xCF5F, 0x65FE, 0x055F, 0x02DA, 0x0051, 0x0000, 0x0000, 0x0000, 0x0000, 0x0000, 0x0000,
  0x0000, 0x0000, 0x0000, 0x4B38, 0xF7FF, 0x5292, 0xDD3A, 0xFDDB, 0x51EE, 0xC65B, 0xFFFF, 0xB5FB, 0xDC93, 0x759D, 0x161F, 0xCEFC, 0xFF7B, 0xFF5B, 0xEF5B, 0xB6BC, 0xEDF7, 0x41D2, 0x045A, 0x0DBF, 0x0D3F, 0xF7DF, 0x765F, 0x051F, 0x04DE, 0x00D3, 0x0000, 0x0000, 0x0000, 0x0000, 0x0000, 0x0000,
  0x0000, 0x0000, 0x0935, 0x957C, 0xE79F, 0x5B74, 0xB396, 0xFD5A, 0x4A2F, 0xBE3A, 0xF7BF, 0xCE9D, 0xD577, 0xD6BB, 0x7E3E, 0xFF9C, 0xFF3B, 0xFF3B, 0xFF3B, 0xFEF9, 0xE576, 0x11B2, 0x057E, 0x053F, 0x051F, 0x45BF, 0x1D5F, 0x04FF, 0x053F, 0x0278, 0x0052, 0x0000, 0x0000, 0x0000, 0x0000, 0x0000,
  0x0000, 0x0000, 0x19B5, 0x8D7C, 0xAE1E, 0xB63B, 0x318F, 0x7B55, 0x196C, 0xC67C, 0xCEBF, 0xE77F, 0xBDB9, 0xFE38, 0xFE79, 0xFF7B, 0xFEFA, 0xFE39, 0xFF1B, 0xFFBC, 0x8332, 0x01D4, 0x0DFF, 0x04DF, 0x5E1F, 0xC75F, 0x55FF, 0x04DE, 0x059F, 0x033B, 0x0011, 0x0000, 0x0000, 0x0000, 0x0000, 0x0000,
  0x0000, 0x0000, 0x2A55, 0x4BDA, 0x7C5A, 0xFFFF, 0x6416, 0x0028, 0x3271, 0xA61F, 0xC69D, 0x745A, 0x9CFA, 0xE619, 0xFF9C, 0xFF5B, 0xFF9C, 0xFF9C, 0xFFFD, 0x9C95, 0x2172, 0x1236, 0x15FF, 0x04FF, 0x4DDF, 0xFFFF, 0x765F, 0x04DF, 0x059F, 0x031B, 0x0011, 0x0000, 0x0000, 0x0000, 0x0000, 0x0000,
  0x0000, 0x0000, 0x11B4, 0x447C, 0x3AD9, 0xDF3F, 0xEF9F, 0x9D7B, 0x749C, 0x6C5B, 0xE77F, 0x4BBA, 0x21D4, 0x6AF2, 0xDE78, 0xE698, 0xEEB9, 0xDE9A, 0x62F2, 0x3253, 0x435B, 0x09F5, 0x0DBF, 0x051F, 0x04DF, 0xCF3F, 0x765F, 0x04DF, 0x059F, 0x031B, 0x0011, 0x0000, 0x0000, 0x0000, 0x0000, 0x0000,
  0x0000, 0x0000, 0x0000, 0x547A, 0x4BB9, 0x8CFC, 0xFFFF, 0xDF3F, 0x9DDF, 0x4BBC, 0xB67E, 0x749B, 0x645D, 0x4B38, 0x008F, 0x822D, 0xAAEC, 0x106B, 0x1155, 0x64BE, 0x6C3A, 0x09D3, 0x0DBF, 0x051F, 0x04FF, 0xD77F, 0x765F, 0x04BE, 0x059F, 0x031B, 0x0011, 0x0000, 0x0000, 0x0000, 0x0000, 0x0000,
  0x0000, 0x0000, 0x0000, 0x2A74, 0x6D3D, 0xBE9F, 0xF7BF, 0xE75F, 0xA61F, 0x649D, 0x645C, 0x9DDC, 0x5BFC, 0x74DD, 0x4B38, 0x8419, 0xD475, 0x5335, 0x6C9B, 0x747B, 0x73F8, 0x0994, 0x051F, 0x051F, 0x04DE, 0xD77F, 0x6E5F, 0x04BE, 0x059F, 0x033A, 0x0010, 0x0000, 0x0000, 0x0000, 0x0000, 0x0000,
  0x0000, 0x0000, 0x0000, 0x0000, 0x3297, 0xEFBF, 0xDF1E, 0xEF7F, 0xA5FE, 0x9DFE, 0x7CFD, 0x6C3A, 0x74BC, 0x3AF6, 0xCE7A, 0xC69E, 0x845A, 0xB69D, 0xB5DB, 0xBE1C, 0x84BA, 0x2174, 0x041D, 0x051F, 0x6E1E, 0xFFFF, 0xE7BF, 0x1D5F, 0x053F, 0x0196, 0x0000, 0x0000, 0x0000, 0x0000, 0x0000, 0x0000,
  0x0000, 0x0000, 0x0000, 0x0000, 0x6BD8, 0xE75F, 0xC67E, 0xEF7F, 0x9DDF, 0xB67E, 0x9DFF, 0x647C, 0x8DBE, 0x4B58, 0xDF1E, 0x9D9D, 0x95DF, 0xC61C, 0xDE3A, 0xAD3B, 0x7CFB, 0x5337, 0x0218, 0x055F, 0x4DDE, 0x96BF, 0x969F, 0x1DBF, 0x043D, 0x00B3, 0x0000, 0x0000, 0x0000, 0x0000, 0x0000, 0x0000,
  0x0000, 0x0000, 0x0000, 0x0000, 0x74BA, 0x749C, 0xD6FF, 0xE75F, 0x95FF, 0xA67D, 0x7D7E, 0x7DBF, 0x5C5B, 0x4B78, 0xDF7F, 0xBE5D, 0xDF5F, 0xF69C, 0xFE7C, 0x6BD9, 0x6D1D, 0x753D, 0x08D1, 0x043D, 0x057F, 0x04BE, 0x04DF, 0x057F, 0x01B7, 0x0031, 0x0000, 0x0000, 0x0000, 0x0000, 0x0000, 0x0000,
  0x0000, 0x0000, 0x0000, 0x0912, 0x3B78, 0x1A77, 0xD6DF, 0xEF7F, 0x857E, 0x8DFD, 0x759E, 0x759F, 0x6C9B, 0x63D9, 0xBE9F, 0xFFFE, 0xFF5B, 0xA4DA, 0xACBC, 0x5B39, 0x8DFF, 0x53FA, 0x0090, 0x0112, 0x045C, 0x04DE, 0x04FF, 0x0298, 0x0051, 0x0000, 0x0000, 0x0000, 0x0000, 0x0000, 0x0000, 0x0000,
  0x0000, 0x0000, 0x0000, 0x0000, 0x1B77, 0x1BBA, 0x74FC, 0xCF9F, 0x751D, 0x547A, 0x7E3F, 0x6D5E, 0x4C1A, 0x5BF8, 0x7D1D, 0xE7DE, 0xB63A, 0x2338, 0x8E7F, 0x5BF9, 0x2B1A, 0x11F4, 0x2379, 0x0110, 0x00B1, 0x0135, 0x0134, 0x00AF, 0x0000, 0x0000, 0x0000, 0x0000, 0x0000, 0x0000, 0x0000, 0x0000
};

// Icon 10: gome_32.png (SONG_AM)
static const uint16_t GOME_ICON_10[1296] PROGMEM = {
  0x0000, 0x0000, 0x0000, 0x0000, 0x0000, 0x0000, 0x0000, 0x0000, 0x0000, 0x0000, 0x0000, 0x0000, 0x0000, 0x0000, 0x0000, 0x0000, 0x0000, 0x0000, 0x0000, 0x0000, 0x0000, 0x0000, 0x0000, 0x0000, 0x0000, 0x0000, 0x0000, 0x0000, 0x0000, 0x0000, 0x0000, 0x0000, 0x0000, 0x0000, 0x0000, 0x0000,
  0x0000, 0x0000, 0x0000, 0x0000, 0x0000, 0x0000, 0x0000, 0x0000, 0x0000, 0x0000, 0x0000, 0x0000, 0x0000, 0x0000, 0x0000, 0x0000, 0x0000, 0x0000, 0x0000, 0x0000, 0x0000, 0x0000, 0x0000, 0x0000, 0x0000, 0x0000, 0x0000, 0x0000, 0x0000, 0x0000, 0x0000, 0x0000, 0x0000, 0x0000, 0x0000, 0x0000,
  0x0000, 0x0000, 0x0000, 0x0000, 0x0000, 0x0000, 0x0000, 0x0000, 0x0000, 0x0000, 0x0000, 0x0000, 0x0000, 0x0000, 0x0000, 0x0000, 0x0000, 0x0000, 0x0000, 0x0000, 0x0000, 0x0000, 0x0000, 0x0000, 0x0000, 0x0000, 0x0000, 0x0000, 0x0000, 0x0000, 0x0000, 0x0000, 0x0000, 0x0000, 0x0000, 0x0000,
  0x0000, 0x0000, 0x0000, 0x0000, 0x0000, 0x0000, 0x0000, 0x0000, 0x0000, 0x0000, 0x0000, 0x0000, 0x0000, 0x0000, 0x0000, 0x0000, 0x0030, 0x0010, 0x00B2, 0x0000, 0x0000, 0x0000, 0x0000, 0x0000, 0x0000, 0x0000, 0x0000, 0x0000, 0x0000, 0x0000, 0x0000, 0x0000, 0x0000, 0x0000, 0x0000, 0x0000,
  0x0000, 0x0000, 0x0000, 0x0000, 0x0000, 0x0000, 0x0000, 0x0000, 0x0000, 0x0000, 0x0000, 0x0000, 0x0000, 0x0932, 0x0071, 0x0032, 0x52D6, 0x94B8, 0x3994, 0x0052, 0x0050, 0x0000, 0x0000, 0x0000, 0x0000, 0x0000, 0x0000, 0x0000, 0x0000, 0x0000, 0x0000, 0x0000, 0x0000, 0x0000, 0x0000, 0x0000,
  0x0000, 0x0000, 0x0000, 0x0000, 0x0000, 0x0000, 0x0000, 0x0000, 0x0000, 0x0000, 0x0000, 0x0000, 0x0053, 0x00B2, 0x11B3, 0x00B2, 0xB4DA, 0xFEDE, 0x6A56, 0x00F2, 0x1193, 0x0071, 0x00D2, 0x0000, 0x0000, 0x0000, 0x0000, 0x0000, 0x0000, 0x0000, 0x0000, 0x0000, 0x0000, 0x0000, 0x0000, 0x0000,
  0x0000, 0x0000, 0x0000, 0x0000, 0x0000, 0x0000, 0x0000, 0x0000, 0x0000, 0x0000, 0x0000, 0x00D1, 0x1155, 0x341A, 0x47FF, 0x1CBA, 0xB337, 0xFD7C, 0x72B6, 0x26BD, 0x475F, 0x2AF7, 0x1113, 0x0913, 0x0000, 0x0000, 0x0000, 0x0000, 0x0000, 0x0000, 0x0000, 0x0000, 0x0000, 0x0000, 0x0000, 0x0000,
  0x0000, 0x0000, 0x0000, 0x0000, 0x0000, 0x0000, 0x0000, 0x0000, 0x0000, 0x0000, 0x0913, 0x0071, 0x4DFC, 0x67FF, 0x3E9F, 0x0B59, 0x69F5, 0xDC79, 0x2953, 0x1CDB, 0x4F3F, 0x77FF, 0x4C79, 0x0051, 0x0000, 0x0000, 0x0000, 0x0000, 0x0000, 0x0000, 0x0000, 0x0000, 0x0000, 0x0000, 0x0000, 0x0000,
  0x0000, 0x0000, 0x0000, 0x0000, 0x0000, 0x0000, 0x0000, 0x0000, 0x0000, 0x0000, 0x0092, 0x453C, 0x3F1F, 0x2C9B, 0x1A9B, 0x533B, 0x08B3, 0x0030, 0x21B4, 0x52BA, 0x1279, 0x461D, 0x6FBF, 0x2296, 0x0071, 0x0000, 0x0000, 0x0000, 0x0000, 0x0000, 0x0000, 0x0000, 0x0000, 0x0000, 0x0000, 0x0000,
  0x0000, 0x0000, 0x0000, 0x0000, 0x0000, 0x0000, 0x0000, 0x0000, 0x0000, 0x0011, 0x2B18, 0x5FFF, 0x0BBA, 0x00B5, 0x7CFC, 0xFFFF, 0x8C9A, 0x29B4, 0xCE5C, 0xFFFF, 0x5B39, 0x11F5, 0x463D, 0x5EFF, 0x0933, 0x0892, 0x0000, 0x0000, 0x0000, 0x0000, 0x0000, 0x0000, 0x0000, 0x0000, 0x0000, 0x0000,
  0x0000, 0x0000, 0x0000, 0x0000, 0x0000, 0x0000, 0x0000, 0x0000, 0x0000, 0x0933, 0x463D, 0x2D9E, 0x1A38, 0x8DFD, 0xEFFF, 0xFFFF, 0xF7BF, 0x8CBB, 0xFFFF, 0xFFFF, 0xFFFF, 0x74BA, 0x1256, 0x67BF, 0x3C79, 0x0030, 0x0000, 0x0000, 0x0000, 0x0000, 0x0000, 0x0000, 0x0000, 0x0000, 0x0000, 0x0000,
  0x0000, 0x0000, 0x0000, 0x0000, 0x0000, 0x0000, 0x0000, 0x0000, 0x000F, 0x1B17, 0x5FDF, 0x1299, 0x853C, 0xFFFF, 0xF7FF, 0x8C79, 0x4254, 0x2974, 0x5AF5, 0xBE3C, 0xF7FF, 0xEFFF, 0x4A97, 0x2C1A, 0x5F5F, 0x0913, 0x0892, 0x0000, 0x0000, 0x0000, 0x0000, 0x0000, 0x0000, 0x0000, 0x0000, 0x0000,
  0x0000, 0x0000, 0x0000, 0x0000, 0x0000, 0x0000, 0x0000, 0x0000, 0x000F, 0x3D1B, 0x565E, 0x2278, 0xBF9F, 0xFFFF, 0x7BB7, 0x00D3, 0x2316, 0x2B78, 0x1255, 0x18D0, 0xB5FB, 0xFFFF, 0xBE5D, 0x0934, 0x5F3F, 0x2BB8, 0x0010, 0x0000, 0x0000, 0x0000, 0x0000, 0x0000, 0x0000, 0x0000, 0x0000, 0x0000,
  0x0000, 0x0000, 0x0000, 0x0000, 0x0000, 0x0000, 0x0000, 0x0000, 0x0994, 0x46DE, 0x1B7A, 0x6CDB, 0xE7FF, 0xAD5A, 0x0093, 0x561D, 0x87FF, 0x7FFF, 0x6FFF, 0x1BB8, 0x1932, 0xCEFD, 0xEFFF, 0x52F8, 0x3D1C, 0x563D, 0x00B1, 0x0000, 0x0000, 0x0000, 0x0000, 0x0000, 0x0000, 0x0000, 0x0000, 0x0000,
  0x0000, 0x0000, 0x0000, 0x0000, 0x0000, 0x0000, 0x0000, 0x0851, 0x1256, 0x2F9F, 0x0195, 0xAE1C, 0xF7DF, 0x2994, 0x34BB, 0x77FF, 0x3CFC, 0x239A, 0x45BD, 0x67FF, 0x12D6, 0x6B96, 0xFFFF, 0x8C59, 0x1297, 0x67FF, 0x1152, 0x2133, 0x0000, 0x0000, 0x0000, 0x0000, 0x0000, 0x0000, 0x0000, 0x0000,
  0x0000, 0x0000, 0x0000, 0x0000, 0x0000, 0x0000, 0x0000, 0x08B2, 0x00F2, 0x0C5A, 0x3379, 0xF7FF, 0xB5DC, 0x19D6, 0x6FDF, 0x353D, 0x1978, 0x31B7, 0x19D8, 0x5E9E, 0x5EDE, 0x1995, 0xF79E, 0xD6BD, 0x2B98, 0x353B, 0x0032, 0x0092, 0x0000, 0x0000, 0x0000, 0x0000, 0x0000, 0x0000, 0x0000, 0x0000,
  0x0000, 0x0000, 0x0000, 0x0000, 0x0000, 0x0000, 0x0000, 0x2173, 0x6316, 0x0831, 0x3C5C, 0xFFFF, 0x73D8, 0x3419, 0x573F, 0x1A5B, 0xD6DE, 0xFFFF, 0x9D1C, 0x1AFA, 0x6FDF, 0x1A97, 0xBDBB, 0xEFDF, 0x1A76, 0x1113, 0x6317, 0x2133, 0x0000, 0x0000, 0x0000, 0x0000, 0x0000, 0x0000, 0x0000, 0x0000,
  0x0000, 0x0000, 0x0000, 0x0000, 0x0000, 0x0000, 0x000E, 0x52B5, 0xFFFF, 0x7B17, 0x3276, 0xFFFF, 0x29B3, 0x3DFC, 0x2CFD, 0x7C3B, 0xFFFF, 0xFFDF, 0xFFFF, 0x4AFA, 0x461E, 0x2418, 0x7356, 0xFFFF, 0x2173, 0xA499, 0xFFBF, 0x4993, 0x0000, 0x0000, 0x0000, 0x0000, 0x0000, 0x0000, 0x0000, 0x0000,
  0x0000, 0x0000, 0x0000, 0x0000, 0x0000, 0x0000, 0x000F, 0x5275, 0xFD9C, 0xB357, 0x1133, 0xB77F, 0x3A54, 0x3DBC, 0x239C, 0xBDFD, 0xFFFF, 0xF7BF, 0xFFFF, 0x7BFB, 0x34FE, 0x3438, 0x5376, 0x8E9F, 0x1091, 0xDC59, 0xFCBB, 0x4173, 0x0000, 0x0000, 0x0000, 0x0000, 0x0000, 0x0000, 0x0000, 0x0000,
  0x0000, 0x0000, 0x0000, 0x0000, 0x0000, 0x0000, 0x000F, 0x5276, 0xFDBC, 0xAB16, 0x1153, 0xBF7F, 0x3A56, 0x4DDC, 0x2BDD, 0xBE1D, 0xFFFF, 0xF7BF, 0xFFFF, 0x6BDB, 0x3D1D, 0x3C39, 0x5B97, 0x969E, 0x1091, 0xDC19, 0xFCBB, 0x4173, 0x0000, 0x0000, 0x0000, 0x0000, 0x0000, 0x0000, 0x0000, 0x0000,
  0x0000, 0x0000, 0x0000, 0x0000, 0x0000, 0x0000, 0x000F, 0x5A55, 0xFE3D, 0x92D6, 0x31F3, 0xFFFF, 0x29B4, 0x4DDC, 0x2C3D, 0xA55D, 0xFFFF, 0xF7BF, 0xFFFF, 0x53BA, 0x4E7F, 0x3419, 0x7B76, 0xFFFF, 0x2133, 0xCBF9, 0xFD5C, 0x4972, 0x0000, 0x0000, 0x0000, 0x0000, 0x0000, 0x0000, 0x0000, 0x0000,
  0x0000, 0x0000, 0x0000, 0x0000, 0x0000, 0x0000, 0x000F, 0x3153, 0xA378, 0x2052, 0x2A57, 0xEFFF, 0x52D7, 0x2C5A, 0x467E, 0x2A39, 0xE75E, 0xFFFF, 0xBDFD, 0x1ADA, 0x67BF, 0x1AB7, 0x9499, 0xF7DF, 0x0915, 0x40F3, 0xAB37, 0x28F1, 0x0000, 0x0000, 0x0000, 0x0000, 0x0000, 0x0000, 0x0000, 0x0000,
  0x0000, 0x0000, 0x0000, 0x0000, 0x0000, 0x0000, 0x0000, 0x0092, 0x0032, 0x0237, 0x3BFC, 0xFFFF, 0xAD9B, 0x09B5, 0x5FDF, 0x23FC, 0x3299, 0x5319, 0x2A59, 0x45DE, 0x671F, 0x1135, 0xDF3E, 0xEF3E, 0x2319, 0x02F8, 0x0011, 0x00B2, 0x0000, 0x0000, 0x0000, 0x0000, 0x0000, 0x0000, 0x0000, 0x0000,
  0x0000, 0x0000, 0x0000, 0x0000, 0x0000, 0x0000, 0x0000, 0x0810, 0x0A16, 0x2F5F, 0x1A79, 0xD6BE, 0xDF1E, 0x10D3, 0x34FC, 0x67FF, 0x34FC, 0x23BA, 0x4DDD, 0x6FFF, 0x2BDA, 0x4256, 0xF7DF, 0xAD3B, 0x0B18, 0x1F1F, 0x0914, 0x0000, 0x0000, 0x0000, 0x0000, 0x0000, 0x0000, 0x0000, 0x0000, 0x0000,
  0x0000, 0x0000, 0x0000, 0x0000, 0x0000, 0x0000, 0x0000, 0x006F, 0x0174, 0x369F, 0x133B, 0xADDD, 0xFFFF, 0x8499, 0x00D3, 0x467E, 0x6FFF, 0x77FF, 0x67BF, 0x3D9D, 0x00F3, 0xBE5C, 0xFFFF, 0x8419, 0x149B, 0x261E, 0x00D2, 0x0000, 0x0000, 0x0000, 0x0000, 0x0000, 0x0000, 0x0000, 0x0000, 0x0000,
  0x0000, 0x0000, 0x0000, 0x0000, 0x0000, 0x0000, 0x0000, 0x0000, 0x0010, 0x353C, 0x359E, 0x5BFB, 0xD7DF, 0xEFDF, 0x4A56, 0x00F3, 0x457C, 0x4DBC, 0x3479, 0x0071, 0x8CBA, 0xF7FF, 0xDF3E, 0x4318, 0x36BF, 0x1BF9, 0x000F, 0x0000, 0x0000, 0x0000, 0x0000, 0x0000, 0x0000, 0x0000, 0x0000, 0x0000,
  0x0000, 0x0000, 0x0000, 0x0000, 0x0000, 0x0000, 0x0000, 0x0000, 0x0050, 0x2399, 0x3EBF, 0x09B8, 0xAEBE, 0xFFFF, 0xE75E, 0x6377, 0x0011, 0x0012, 0x0871, 0x8458, 0xFFFF, 0xFFFF, 0x8479, 0x12D8, 0x475F, 0x09D4, 0x0050, 0x0000, 0x0000, 0x0000, 0x0000, 0x0000, 0x0000, 0x0000, 0x0000, 0x0000,
  0x0000, 0x0000, 0x0000, 0x0000, 0x0000, 0x0000, 0x0000, 0x0000, 0x0000, 0x00D4, 0x261E, 0x1CFD, 0x3B39, 0xE7DF, 0xFFFF, 0xEFDF, 0x9D5B, 0x6359, 0xC67D, 0xFFFF, 0xFFFF, 0xBEFF, 0x19F7, 0x0DDE, 0x14BD, 0x0052, 0x0000, 0x0000, 0x0000, 0x0000, 0x0000, 0x0000, 0x0000, 0x0000, 0x0000, 0x0000,
  0x0000, 0x0000, 0x0000, 0x0000, 0x0000, 0x0000, 0x0000, 0x0000, 0x0000, 0x0071, 0x0B78, 0x2F5F, 0x243B, 0x447B, 0xB73F, 0xFFFF, 0xCEDD, 0x6BD8, 0xFFFF, 0xEF9F, 0xB65D, 0x2299, 0x1CFD, 0x0E5F, 0x0195, 0x00B2, 0x0000, 0x0000, 0x0000, 0x0000, 0x0000, 0x0000, 0x0000, 0x0000, 0x0000, 0x0000,
  0x0000, 0x0000, 0x0000, 0x0000, 0x0000, 0x0000, 0x0000, 0x0000, 0x0000, 0x0951, 0x00D1, 0x1DDE, 0x371F, 0x0AD9, 0x2A58, 0xE71E, 0x31F4, 0x000E, 0x6BD7, 0xDEBD, 0x00F7, 0x1C5C, 0x1F3F, 0x03BA, 0x0050, 0x0000, 0x0000, 0x0000, 0x0000, 0x0000, 0x0000, 0x0000, 0x0000, 0x0000, 0x0000, 0x0000,
  0x0000, 0x0000, 0x0000, 0x0000, 0x0000, 0x0000, 0x0000, 0x0000, 0x0000, 0x0000, 0x0091, 0x01B7, 0x25DF, 0x2EDF, 0x6D7D, 0x6B37, 0x4194, 0xCC59, 0x2113, 0x6BF8, 0x45BE, 0x271F, 0x0CBD, 0x00D2, 0x0111, 0x0000, 0x0000, 0x0000, 0x0000, 0x0000, 0x0000, 0x0000, 0x0000, 0x0000, 0x0000, 0x0000,
  0x0000, 0x0000, 0x0000, 0x0000, 0x0000, 0x0000, 0x0000, 0x0000, 0x0000, 0x0000, 0x0000, 0x0052, 0x01D7, 0x25BE, 0x3FDF, 0x147A, 0xA2D6, 0xFD1C, 0x6A34, 0x05DD, 0x375F, 0x149C, 0x00F5, 0x00B2, 0x0000, 0x0000, 0x0000, 0x0000, 0x0000, 0x0000, 0x0000, 0x0000, 0x0000, 0x0000, 0x0000, 0x0000,
  0x0000, 0x0000, 0x0000, 0x0000, 0x0000, 0x0000, 0x0000, 0x0000, 0x0000, 0x0000, 0x0000, 0x0B16, 0x0092, 0x0196, 0x151B, 0x0316, 0xA317, 0xFD7C, 0x6275, 0x0459, 0x147C, 0x0033, 0x00D3, 0x0000, 0x0000, 0x0000, 0x0000, 0x0000, 0x0000, 0x0000, 0x0000, 0x0000, 0x0000, 0x0000, 0x0000, 0x0000,
  0x0000, 0x0000, 0x0000, 0x0000, 0x0000, 0x0000, 0x0000, 0x0000, 0x0000, 0x0000, 0x0000, 0x0000, 0x0000, 0x0051, 0x000E, 0x000E, 0x4933, 0xBB58, 0x1852, 0x000F, 0x000F, 0x0051, 0x0000, 0x0000, 0x0000, 0x0000, 0x0000, 0x0000, 0x0000, 0x0000, 0x0000, 0x0000, 0x0000, 0x0000, 0x0000, 0x0000,
  0x0000, 0x0000, 0x0000, 0x0000, 0x0000, 0x065E, 0x06DF, 0x067E, 0x06DF, 0x06FF, 0x06DF, 0x0E7E, 0x0F5F, 0x0D7C, 0x0C18, 0x1479, 0x02B6, 0x0214, 0x0B18, 0x1459, 0x0C18, 0x0E1D, 0x0F1F, 0x0E7E, 0x06DF, 0x06BF, 0x067E, 0x069F, 0x069F, 0x0000, 0x0000, 0x0000, 0x0000, 0x0000, 0x0000, 0x0000,
  0x0000, 0x0000, 0x0000, 0x0000, 0x0000, 0x057C, 0x04BA, 0x04DA, 0x04FB, 0x051B, 0x04FB, 0x055C, 0x053C, 0x04FA, 0x051A, 0x055B, 0x057B, 0x053A, 0x057B, 0x055C, 0x04FA, 0x04DB, 0x053C, 0x055C, 0x051B, 0x04DA, 0x04DA, 0x04DB, 0x059C, 0x05DD, 0x0000, 0x0000, 0x0000, 0x0000, 0x0000, 0x0000
};

// Icon 11: gome_33.png (THE_NHO)
static const uint16_t GOME_ICON_11[1296] PROGMEM = {
  0x0000, 0x0000, 0x0000, 0x0000, 0x0000, 0x0000, 0x0000, 0x0000, 0x0000, 0x0000, 0x0000, 0x0000, 0x0000, 0x0000, 0x0000, 0x0000, 0x0000, 0x0000, 0x0000, 0x0000, 0x0000, 0x0000, 0x0000, 0x0000, 0x0000, 0x0000, 0x0000, 0x0000, 0x0000, 0x0000, 0x0000, 0x0000, 0x0000, 0x0000, 0x0000, 0x0000,
  0x0000, 0x0000, 0x0000, 0x0000, 0x0000, 0x0000, 0x0000, 0x0000, 0x0000, 0x0000, 0x0000, 0x0000, 0x0000, 0x0000, 0x0000, 0x0000, 0x0000, 0x0000, 0x0000, 0x0000, 0x0000, 0x0000, 0x0000, 0x0000, 0x0000, 0x0000, 0x0000, 0x0000, 0x0000, 0x0000, 0x0000, 0x0000, 0x0000, 0x0000, 0x0000, 0x0000,
  0x0000, 0x0000, 0x0000, 0x0000, 0x0000, 0x0000, 0x0000, 0x0000, 0x0000, 0x0000, 0x0000, 0x0000, 0x0000, 0x0000, 0x0000, 0x0000, 0x0000, 0x0000, 0x0000, 0x0000, 0x0000, 0x0000, 0x0000, 0x0000, 0x0000, 0x0000, 0x0000, 0x0000, 0x0000, 0x0000, 0x0000, 0x0000, 0x0000, 0x0000, 0x0000, 0x0000,
  0x0000, 0x0000, 0x0000, 0x0000, 0x0000, 0x0000, 0x0000, 0x0000, 0x0000, 0x0000, 0x0000, 0x0000, 0x0000, 0x0093, 0x0010, 0x0030, 0x0030, 0x0010, 0x0010, 0x000F, 0x000F, 0x0011, 0x0010, 0x0090, 0x0000, 0x0000, 0x0000, 0x0000, 0x0000, 0x0000, 0x0000, 0x0000, 0x0000, 0x0000, 0x0000, 0x0000,
  0x0000, 0x0000, 0x0000, 0x0000, 0x0000, 0x0000, 0x0000, 0x0000, 0x0000, 0x0000, 0x0000, 0x0000, 0x00D2, 0x1A76, 0x6C39, 0x7B96, 0x5BB6, 0x4C18, 0x5418, 0x4BF7, 0x43F7, 0x3BF8, 0x3C39, 0x0954, 0x0051, 0x0000, 0x0000, 0x0000, 0x0000, 0x0000, 0x0000, 0x0000, 0x0000, 0x0000, 0x0000, 0x0000,
  0x0000, 0x0000, 0x0000, 0x0000, 0x0000, 0x0000, 0x0000, 0x0000, 0x0000, 0x0000, 0x0000, 0x0000, 0x00D2, 0x461D, 0xC7FF, 0xDF1F, 0xA73F, 0x8FBF, 0xA7BF, 0x9F9F, 0x8FBF, 0x7F9F, 0x6FBF, 0x249D, 0x0053, 0x0914, 0x0000, 0x0000, 0x0000, 0x0000, 0x0000, 0x0000, 0x0000, 0x0000, 0x0000, 0x0000,
  0x0000, 0x0000, 0x0000, 0x0000, 0x0000, 0x0000, 0x0000, 0x0000, 0x0000, 0x0000, 0x0000, 0x0032, 0x2B99, 0x5F7F, 0x4C7D, 0x441D, 0x3C3D, 0x443D, 0x443D, 0x445D, 0x445D, 0x33DC, 0x557D, 0x4F3F, 0x01F9, 0x0051, 0x0000, 0x0000, 0x0000, 0x0000, 0x0000, 0x0000, 0x0000, 0x0000, 0x0000, 0x0000,
  0x0000, 0x0000, 0x0000, 0x0000, 0x0000, 0x0000, 0x0000, 0x0000, 0x0000, 0x0000, 0x0113, 0x11B5, 0x5F3F, 0x2C7D, 0x0958, 0x09B9, 0x09BA, 0x0999, 0x0978, 0x09B9, 0x11BA, 0x0938, 0x331B, 0x5EBF, 0x031D, 0x0031, 0x0000, 0x0000, 0x0000, 0x0000, 0x0000, 0x0000, 0x0000, 0x0000, 0x0000, 0x0000,
  0x0000, 0x0000, 0x0000, 0x0000, 0x0000, 0x0000, 0x0000, 0x0000, 0x0000, 0x0000, 0x0072, 0x3D1B, 0x3E7F, 0x5B9C, 0x8C7B, 0x8C7C, 0x951C, 0x8C3B, 0x8CDC, 0x8C1B, 0x94FC, 0x6C1B, 0x19FA, 0x455F, 0x031C, 0x0011, 0x0000, 0x0000, 0x0000, 0x0000, 0x0000, 0x0000, 0x0000, 0x0000, 0x0000, 0x0000,
  0x0000, 0x0000, 0x0000, 0x0000, 0x0000, 0x0000, 0x0000, 0x0000, 0x0000, 0x0092, 0x11F6, 0x4F3F, 0x3C1D, 0xE69E, 0xFF7E, 0xFEBD, 0xFF9E, 0xFE3D, 0xFFFF, 0xFE3D, 0xFFDE, 0xCE5D, 0x11B9, 0x3CFE, 0x02FC, 0x0011, 0x0000, 0x0000, 0x0000, 0x0000, 0x0000, 0x0000, 0x0000, 0x0000, 0x0000, 0x0000,
  0x0000, 0x0000, 0x0000, 0x0000, 0x0000, 0x0000, 0x0000, 0x0000, 0x0000, 0x0032, 0x2CBB, 0x363F, 0x42BA, 0xFF1E, 0xFEFE, 0xF61C, 0xFE9D, 0xF57C, 0xFF7E, 0xF61D, 0xFEDD, 0xBDBD, 0x11B9, 0x3CFE, 0x02FC, 0x0012, 0x0000, 0x0000, 0x0000, 0x0000, 0x0000, 0x0000, 0x0000, 0x0000, 0x0000, 0x0000,
  0x0000, 0x0000, 0x0000, 0x0000, 0x0000, 0x0000, 0x0000, 0x0000, 0x0000, 0x09D4, 0x6F7F, 0x3C7D, 0x3219, 0xFF1E, 0xFEFE, 0xFE1D, 0xFEFE, 0xFDBD, 0xFF3E, 0xF5FD, 0xFEDD, 0xBD7C, 0x1199, 0x453E, 0x0B5C, 0x0011, 0x0000, 0x0000, 0x0000, 0x0000, 0x0000, 0x0000, 0x0000, 0x0000, 0x0000, 0x0000,
  0x0000, 0x0000, 0x0000, 0x0000, 0x0000, 0x0000, 0x0000, 0x0000, 0x000F, 0x0A96, 0xB6FF, 0x3A9A, 0x3A79, 0xFF3E, 0xFEDE, 0xFE3D, 0xFF3E, 0xFDDD, 0xFF3E, 0xF5BD, 0xFEBD, 0xBD9C, 0x1199, 0x453E, 0x0B7D, 0x0032, 0x0000, 0x0000, 0x0000, 0x0000, 0x0000, 0x0000, 0x0000, 0x0000, 0x0000, 0x0000,
  0x0000, 0x0000, 0x0000, 0x0000, 0x0000, 0x0000, 0x0000, 0x0000, 0x000F, 0x0A76, 0xA61E, 0x29B9, 0x42BA, 0xFF7E, 0xFEBE, 0xFE1D, 0xFF3E, 0xFDBC, 0xFF1E, 0xF5DD, 0xFEFE, 0xBD9D, 0x2ADB, 0x3DBF, 0x019A, 0x0052, 0x0000, 0x0000, 0x0000, 0x0000, 0x0000, 0x0000, 0x0000, 0x0000, 0x0000, 0x0000,
  0x0000, 0x0000, 0x0000, 0x0000, 0x0000, 0x0000, 0x0000, 0x0000, 0x000F, 0x0A76, 0xAE3D, 0x29D8, 0x429A, 0xFF9E, 0xFEBE, 0xF5DC, 0xFEFE, 0xF57C, 0xFF1E, 0xF61D, 0xFF1E, 0xB55C, 0x445C, 0x34DF, 0x0014, 0x00B1, 0x0000, 0x0000, 0x0000, 0x0000, 0x0000, 0x0000, 0x0000, 0x0000, 0x0000, 0x0000,
  0x0000, 0x0000, 0x0000, 0x0000, 0x0000, 0x0000, 0x0000, 0x0000, 0x000F, 0x1276, 0xB65E, 0x29D8, 0x427A, 0xFF7E, 0xFEDD, 0xFE3C, 0xFF3E, 0xFDBC, 0xFF7E, 0xFE5D, 0xFF7E, 0xC53C, 0x3C3C, 0x355F, 0x0096, 0x004F, 0x0000, 0x0000, 0x0000, 0x0000, 0x0000, 0x0000, 0x0000, 0x0000, 0x0000, 0x0000,
  0x0000, 0x0000, 0x0000, 0x0000, 0x0000, 0x0000, 0x0000, 0x0000, 0x000F, 0x1AB6, 0x9EDF, 0x21FA, 0x2A39, 0x8C1B, 0x941B, 0x8C3B, 0x8C7B, 0x8BDB, 0x94BC, 0x941B, 0x94BB, 0x633A, 0x445C, 0x35BF, 0x00B6, 0x0050, 0x0000, 0x0000, 0x0000, 0x0000, 0x0000, 0x0000, 0x0000, 0x0000, 0x0000, 0x0000,
  0x0000, 0x0000, 0x0000, 0x0000, 0x0000, 0x0000, 0x0000, 0x0000, 0x0050, 0x0996, 0x3E1F, 0x2B7B, 0x11B9, 0x09B9, 0x11DA, 0x11D9, 0x11DA, 0x11D9, 0x11D9, 0x11FA, 0x11D9, 0x0958, 0x445B, 0x35FF, 0x00F6, 0x0030, 0x0000, 0x0000, 0x0000, 0x0000, 0x0000, 0x0000, 0x0000, 0x0000, 0x0000, 0x0000,
  0x0000, 0x0000, 0x0000, 0x0000, 0x0000, 0x0000, 0x0000, 0x0000, 0x0000, 0x0011, 0x2C3A, 0x3CBD, 0x1999, 0x223A, 0x2219, 0x223A, 0x223A, 0x2219, 0x223A, 0x223A, 0x225A, 0x19B9, 0x445B, 0x35FF, 0x00D6, 0x000F, 0x0000, 0x0000, 0x0000, 0x0000, 0x0000, 0x0000, 0x0000, 0x0000, 0x0000, 0x0000,
  0x0000, 0x0000, 0x0000, 0x0000, 0x0000, 0x0000, 0x0000, 0x0000, 0x0000, 0x0010, 0x2C19, 0x349D, 0x1999, 0x221A, 0x2219, 0x221A, 0x221A, 0x2219, 0x221A, 0x221A, 0x223A, 0x1999, 0x4C5B, 0x3DFF, 0x00D6, 0x0030, 0x0000, 0x0000, 0x0000, 0x0000, 0x0000, 0x0000, 0x0000, 0x0000, 0x0000, 0x0000,
  0x0000, 0x0000, 0x0000, 0x0000, 0x0000, 0x0000, 0x0000, 0x0000, 0x0000, 0x000F, 0x2C19, 0x349D, 0x1999, 0x223A, 0x1A1A, 0x19F9, 0x19F9, 0x19F9, 0x19F9, 0x221A, 0x223A, 0x1999, 0x4C5C, 0x3DFF, 0x00D6, 0x0030, 0x0000, 0x0000, 0x0000, 0x0000, 0x0000, 0x0000, 0x0000, 0x0000, 0x0000, 0x0000,
  0x0000, 0x0000, 0x0000, 0x0000, 0x0000, 0x0000, 0x0000, 0x0000, 0x0000, 0x000F, 0x3439, 0x3CBD, 0x1999, 0x223A, 0x2A7A, 0x2259, 0x2239, 0x2A7A, 0x2239, 0x19F9, 0x2219, 0x1199, 0x4C7C, 0x3E1F, 0x00D6, 0x0030, 0x0000, 0x0000, 0x0000, 0x0000, 0x0000, 0x0000, 0x0000, 0x0000, 0x0000, 0x0000,
  0x0000, 0x0000, 0x0000, 0x0000, 0x0000, 0x0000, 0x0000, 0x0000, 0x0000, 0x000F, 0x3C19, 0x4CFE, 0x1199, 0x4B5B, 0xEF9F, 0xE73E, 0x63DB, 0xEF9F, 0xDF1E, 0x3ADA, 0x19F9, 0x1999, 0x447C, 0x461F, 0x00D6, 0x0030, 0x0000, 0x0000, 0x0000, 0x0000, 0x0000, 0x0000, 0x0000, 0x0000, 0x0000, 0x0000,
  0x0000, 0x0000, 0x0000, 0x0000, 0x0000, 0x0000, 0x0000, 0x0000, 0x0000, 0x0092, 0x55FC, 0x4CDD, 0x0939, 0x9D7C, 0xA57C, 0x537B, 0x63FC, 0xCE9D, 0xA59C, 0x953D, 0x0999, 0x19B9, 0x4C7C, 0x463F, 0x00D6, 0x002F, 0x0000, 0x0000, 0x0000, 0x0000, 0x0000, 0x0000, 0x0000, 0x0000, 0x0000, 0x0000,
  0x0000, 0x0000, 0x0000, 0x0000, 0x0000, 0x0000, 0x0000, 0x0000, 0x000F, 0x1A96, 0x77DF, 0x331B, 0x0999, 0x7CBC, 0xE75F, 0x6C3B, 0x537B, 0xA57C, 0x63BA, 0x953C, 0x0999, 0x19B9, 0x4C7C, 0x463F, 0x00F6, 0x002F, 0x0000, 0x0000, 0x0000, 0x0000, 0x0000, 0x0000, 0x0000, 0x0000, 0x0000, 0x0000,
  0x0000, 0x0000, 0x0000, 0x0000, 0x0000, 0x0000, 0x0000, 0x0000, 0x0010, 0x1AB6, 0x675F, 0x227B, 0x19FA, 0x2219, 0x8D1C, 0xD6DE, 0x7C7C, 0x9D5C, 0x63BA, 0x9D5D, 0x0999, 0x19B9, 0x445B, 0x463F, 0x00D6, 0x002F, 0x0000, 0x0000, 0x0000, 0x0000, 0x0000, 0x0000, 0x0000, 0x0000, 0x0000, 0x0000,
  0x0000, 0x0000, 0x0000, 0x0000, 0x0000, 0x0000, 0x0000, 0x0000, 0x0010, 0x1A97, 0x573F, 0x229B, 0x11D9, 0x537A, 0x747B, 0xCEBE, 0x7C7C, 0xCEBE, 0xB61D, 0x84BC, 0x09B9, 0x19B9, 0x651C, 0x4E3F, 0x00F6, 0x0050, 0x0000, 0x0000, 0x0000, 0x0000, 0x0000, 0x0000, 0x0000, 0x0000, 0x0000, 0x0000,
  0x0000, 0x0000, 0x0000, 0x0000, 0x0000, 0x0000, 0x0000, 0x0000, 0x0010, 0x1AB7, 0x571F, 0x225A, 0x11B9, 0x6C1B, 0xFFFF, 0xADBD, 0x42FA, 0xEF7F, 0xDF1E, 0x2A7A, 0x19F9, 0x21F9, 0xA6DE, 0x561F, 0x00F6, 0x0050, 0x0000, 0x0000, 0x0000, 0x0000, 0x0000, 0x0000, 0x0000, 0x0000, 0x0000, 0x0000,
  0x0000, 0x0000, 0x0000, 0x0000, 0x0000, 0x0000, 0x0000, 0x0000, 0x0010, 0x1AB7, 0x571F, 0x2239, 0x1A1A, 0x1A1A, 0x2A7A, 0x2239, 0x2219, 0x2A7A, 0x225A, 0x1A1A, 0x0999, 0x6C5B, 0xD71E, 0x2D3F, 0x0116, 0x0030, 0x0000, 0x0000, 0x0000, 0x0000, 0x0000, 0x0000, 0x0000, 0x0000, 0x0000, 0x0000,
  0x0000, 0x0000, 0x0000, 0x0000, 0x0000, 0x0000, 0x0000, 0x0000, 0x000F, 0x1A96, 0x571F, 0x1A3A, 0x19FA, 0x1A3A, 0x19F9, 0x19F9, 0x1A19, 0x19F9, 0x19F9, 0x19D9, 0x227A, 0xC69E, 0x955E, 0x149F, 0x0136, 0x002F, 0x0000, 0x0000, 0x0000, 0x0000, 0x0000, 0x0000, 0x0000, 0x0000, 0x0000, 0x0000,
  0x0000, 0x0000, 0x0000, 0x0000, 0x0000, 0x0000, 0x0000, 0x0000, 0x000E, 0x1276, 0x471F, 0x33DC, 0x225B, 0x229A, 0x2259, 0x225A, 0x227A, 0x225A, 0x2A7A, 0x1A3A, 0x855D, 0xB5BD, 0x34BF, 0x0B3D, 0x0054, 0x0071, 0x0000, 0x0000, 0x0000, 0x0000, 0x0000, 0x0000, 0x0000, 0x0000, 0x0000, 0x0000,
  0x0000, 0x0000, 0x0000, 0x0000, 0x0000, 0x0000, 0x0000, 0x0000, 0x002F, 0x0134, 0x0CBF, 0x5EBF, 0x6EBF, 0x66BF, 0x66BE, 0x66BF, 0x669F, 0x669E, 0x6EBF, 0x6EBF, 0x86BF, 0x551E, 0x149F, 0x0137, 0x0010, 0x0000, 0x0000, 0x0000, 0x0000, 0x0000, 0x0000, 0x0000, 0x0000, 0x0000, 0x0000, 0x0000,
  0x0000, 0x0000, 0x0000, 0x0000, 0x0000, 0x0000, 0x0000, 0x0000, 0x0000, 0x0030, 0x025A, 0x143F, 0x0C1E, 0x0C3F, 0x145F, 0x145F, 0x0C5F, 0x145F, 0x145F, 0x0C3F, 0x13FF, 0x0C1F, 0x023A, 0x0031, 0x00B0, 0x0000, 0x0000, 0x0000, 0x0000, 0x0000, 0x0000, 0x0000, 0x0000, 0x0000, 0x0000, 0x0000,
  0x0000, 0x0000, 0x0000, 0x0000, 0x0000, 0x0000, 0x0000, 0x0000, 0x0000, 0x002F, 0x0032, 0x0052, 0x0032, 0x0033, 0x0032, 0x0032, 0x0032, 0x0053, 0x0052, 0x0052, 0x0053, 0x0053, 0x0010, 0x0051, 0x0000, 0x0000, 0x0000, 0x0000, 0x0000, 0x0000, 0x0000, 0x0000, 0x0000, 0x0000, 0x0000, 0x0000,
  0x0000, 0x0000, 0x0000, 0x0000, 0x0000, 0x0000, 0x0000, 0x0000, 0x0000, 0x061F, 0x0255, 0x01B2, 0x01F4, 0x01F4, 0x01D3, 0x01F4, 0x01F4, 0x01D3, 0x01F4, 0x01F4, 0x0215, 0x0215, 0x01F4, 0x0398, 0x05DE, 0x0000, 0x0000, 0x0000, 0x0000, 0x0000, 0x0000, 0x0000, 0x0000, 0x0000, 0x0000, 0x0000,
  0x0000, 0x0000, 0x0000, 0x0000, 0x0000, 0x0000, 0x0000, 0x05BD, 0x059C, 0x059C, 0x05BD, 0x05BC, 0x05BC, 0x059C, 0x05BD, 0x061E, 0x05FD, 0x05BC, 0x059C, 0x059C, 0x05DD, 0x05DD, 0x05BD, 0x057B, 0x059C, 0x057C, 0x051B, 0x055C, 0x057C, 0x0000, 0x0000, 0x0000, 0x0000, 0x0000, 0x0000, 0x0000
};

// Icon 12: gome_39.png (TRO_CHOI)
static const uint16_t GOME_ICON_12[1296] PROGMEM = {
  0x0000, 0x0000, 0x0000, 0x0000, 0x0000, 0x0000, 0x0000, 0x0000, 0x0000, 0x0000, 0x0000, 0x0000, 0x0000, 0x0000, 0x0000, 0x0000, 0x0000, 0x0000, 0x0000, 0x0000, 0x0000, 0x0000, 0x0000, 0x0000, 0x0000, 0x0000, 0x0000, 0x0000, 0x0000, 0x0000, 0x0000, 0x0000, 0x0000, 0x0000, 0x0000, 0x0000,
  0x0000, 0x0000, 0x0000, 0x0000, 0x0000, 0x0000, 0x0000, 0x0000, 0x0000, 0x0000, 0x0000, 0x0000, 0x0000, 0x0000, 0x0000, 0x0000, 0x0000, 0x0000, 0x0000, 0x0000, 0x0000, 0x0000, 0x0000, 0x0000, 0x0000, 0x0000, 0x0000, 0x0000, 0x0000, 0x0000, 0x0000, 0x0000, 0x0000, 0x0000, 0x0000, 0x0000,
  0x0000, 0x0000, 0x0000, 0x0000, 0x0000, 0x0000, 0x0000, 0x0000, 0x0000, 0x0000, 0x0000, 0x0000, 0x0000, 0x0000, 0x0000, 0x0000, 0x0000, 0x0000, 0x0000, 0x0000, 0x0000, 0x0000, 0x0000, 0x0000, 0x0000, 0x0000, 0x0000, 0x0000, 0x0000, 0x0000, 0x0000, 0x0000, 0x0000, 0x0000, 0x0000, 0x0000,
  0x0000, 0x0000, 0x0000, 0x0000, 0x0000, 0x0000, 0x0000, 0x0000, 0x0000, 0x0000, 0x0000, 0x0000, 0x0000, 0x0000, 0x0000, 0x0000, 0x0000, 0x0000, 0x0000, 0x0000, 0x0000, 0x0000, 0x0000, 0x0000, 0x0000, 0x0000, 0x0000, 0x0000, 0x0000, 0x0000, 0x0000, 0x0000, 0x0000, 0x0000, 0x0000, 0x0000,
  0x0000, 0x0000, 0x0000, 0x0000, 0x0000, 0x0000, 0x0000, 0x0000, 0x0000, 0x0000, 0x0000, 0x0000, 0x0000, 0x0000, 0x0000, 0x00B1, 0x0052, 0x08F4, 0x0000, 0x0000, 0x0000, 0x0000, 0x0000, 0x0000, 0x0000, 0x0000, 0x0000, 0x0000, 0x0000, 0x0000, 0x0000, 0x0000, 0x0000, 0x0000, 0x0000, 0x0000,
  0x0000, 0x0000, 0x0000, 0x0000, 0x0000, 0x0000, 0x0000, 0x0000, 0x0000, 0x09B8, 0x00B7, 0x0000, 0x0000, 0x0000, 0x0974, 0x00F4, 0x1237, 0x0093, 0x1134, 0x0000, 0x0000, 0x0000, 0x0000, 0x0000, 0x0000, 0x0000, 0x0000, 0x0000, 0x0000, 0x0000, 0x0000, 0x0000, 0x0000, 0x0000, 0x0000, 0x0000,
  0x0000, 0x0000, 0x0000, 0x0000, 0x0000, 0x0000, 0x0000, 0x0000, 0x0000, 0x0A7A, 0x12BB, 0x0914, 0x0000, 0x0000, 0x0052, 0x3BFA, 0x97FF, 0x4277, 0x0030, 0x0000, 0x0000, 0x0000, 0x0000, 0x0000, 0x0000, 0x0000, 0x0000, 0x0000, 0x0000, 0x0000, 0x0000, 0x0000, 0x0000, 0x0000, 0x0000, 0x0000,
  0x0000, 0x0000, 0x0000, 0x0000, 0x0000, 0x0000, 0x0000, 0x0000, 0x0073, 0x12BA, 0x555C, 0x0073, 0x0000, 0x0000, 0x00B3, 0x567E, 0xBF1F, 0xC45C, 0x10F2, 0x21B4, 0x0000, 0x0000, 0x0000, 0x0000, 0x0000, 0x0000, 0x0000, 0x0000, 0x0000, 0x0000, 0x0000, 0x0000, 0x0000, 0x0000, 0x0000, 0x0000,
  0x0000, 0x0000, 0x0000, 0x0000, 0x0000, 0x0000, 0x0000, 0x0000, 0x00F5, 0x4DFE, 0xA7BF, 0x5379, 0x00B6, 0x08B2, 0x1257, 0x67DF, 0xA5DD, 0xF53D, 0x3AD9, 0x0072, 0x1071, 0x0010, 0x0072, 0x0000, 0x0000, 0x0000, 0x0000, 0x0000, 0x0000, 0x0000, 0x0000, 0x0000, 0x0000, 0x0000, 0x0000, 0x0000,
  0x0000, 0x0000, 0x0000, 0x0000, 0x0000, 0x0000, 0x0000, 0x0000, 0x0094, 0x3C1A, 0x975F, 0x2216, 0x1A76, 0x0073, 0x345B, 0x77FF, 0xAD3D, 0xFD3C, 0x853E, 0x1116, 0x1255, 0x1317, 0x0176, 0x0893, 0x0000, 0x0000, 0x0000, 0x0000, 0x0000, 0x0000, 0x0000, 0x0000, 0x0000, 0x0000, 0x0000, 0x0000,
  0x0000, 0x0000, 0x0000, 0x0000, 0x0000, 0x0000, 0x0000, 0x0000, 0x0000, 0x0976, 0x3B79, 0x1195, 0x32D6, 0x0093, 0x5E3E, 0x7F9F, 0xDD1C, 0xFCFB, 0xBD9E, 0x455F, 0x3E9F, 0x56BF, 0x843C, 0x1052, 0x0000, 0x0000, 0x0000, 0x0000, 0x0000, 0x0000, 0x0000, 0x0000, 0x0000, 0x0000, 0x0000, 0x0000,
  0x0000, 0x0000, 0x0000, 0x0000, 0x0000, 0x0000, 0x0000, 0x0000, 0x0000, 0x0996, 0x0134, 0x1AD9, 0x0051, 0x0913, 0x7F7F, 0x873F, 0xED1C, 0xFCFB, 0xED1C, 0x85DE, 0xC5BD, 0xED1C, 0xE47B, 0x1091, 0x0000, 0x0000, 0x0000, 0x0000, 0x0000, 0x0000, 0x0000, 0x0000, 0x0000, 0x0000, 0x0000, 0x0000,
  0x0000, 0x0000, 0x0000, 0x0000, 0x0000, 0x0000, 0x0000, 0x0000, 0x0000, 0x0000, 0x1A37, 0x0010, 0x1174, 0x4DDC, 0x6FBF, 0x7E9E, 0xFD1C, 0xFD1C, 0xFD1B, 0xFD1C, 0xFD5B, 0xFD7C, 0xCC19, 0x0872, 0x0000, 0x0000, 0x0000, 0x0000, 0x0000, 0x0000, 0x0000, 0x0000, 0x0000, 0x0000, 0x0000, 0x0000,
  0x0000, 0x0000, 0x0000, 0x0000, 0x0000, 0x0000, 0x0000, 0x0000, 0x0000, 0x0000, 0x0032, 0x2C19, 0x4EDE, 0x67BF, 0x66DF, 0xC57D, 0xFD1B, 0xFD1C, 0xFD3C, 0xFD5C, 0xF53B, 0xFD5C, 0x6A36, 0x0052, 0x0000, 0x01DD, 0x01FE, 0x0000, 0x0000, 0x0000, 0x0000, 0x0000, 0x0000, 0x0000, 0x0000, 0x0000,
  0x0000, 0x0000, 0x0000, 0x0000, 0x0000, 0x0000, 0x0000, 0x0000, 0x0000, 0x0051, 0x22F8, 0x7FFF, 0x773F, 0xBDFD, 0xF51C, 0xFCFC, 0xFCFC, 0xFD1C, 0xFD3C, 0xFD5C, 0xFD5C, 0xEC1A, 0x18D3, 0x19D5, 0x0000, 0x13BE, 0x0B5F, 0x0000, 0x0000, 0x0000, 0x0000, 0x0000, 0x0000, 0x0000, 0x0000, 0x0000,
  0x0000, 0x0000, 0x0000, 0x0000, 0x0000, 0x0000, 0x0000, 0x0000, 0x0000, 0x0031, 0x257D, 0x9EFF, 0xED3C, 0xFD1C, 0xFCFB, 0xFCFC, 0xFD1C, 0xFD1C, 0xFD1C, 0xFD3C, 0xFD3C, 0x8A77, 0x00B3, 0x0000, 0x015E, 0x357F, 0x257F, 0x017E, 0x0000, 0x0000, 0x0000, 0x0000, 0x0000, 0x0000, 0x0000, 0x0000,
  0x0000, 0x0000, 0x0000, 0x0000, 0x0000, 0x0000, 0x0000, 0x0000, 0x0000, 0x0033, 0x0BDA, 0x667F, 0xFCBB, 0xFD3C, 0xFD1C, 0xFCFC, 0xFD1C, 0xFD1C, 0xFD1C, 0xFD3C, 0xE45B, 0x18F4, 0x3A36, 0x22BE, 0x23BF, 0x66FF, 0x573F, 0x13BE, 0x0000, 0x0000, 0x0000, 0x0000, 0x0000, 0x0000, 0x0000, 0x0000,
  0x0000, 0x0000, 0x0000, 0x0000, 0x0000, 0x0000, 0x0000, 0x0A7B, 0x01DA, 0x12B9, 0x0071, 0x1CDD, 0x85FF, 0xFD3C, 0xFD1C, 0xFCFC, 0xFD1C, 0xFD1C, 0xFD1C, 0xFD5C, 0xDC7C, 0x18F4, 0x4275, 0x1A5E, 0x3CFF, 0x7FBF, 0x67DF, 0x24BF, 0x0000, 0x0000, 0x0000, 0x0000, 0x0000, 0x0000, 0x0000, 0x0000,
  0x0000, 0x0000, 0x0000, 0x0000, 0x0000, 0x0000, 0x0000, 0x017B, 0x365F, 0x1C5E, 0x0935, 0x0092, 0x149E, 0x65FF, 0xE51D, 0xFCFC, 0xFCFC, 0xFCFC, 0xFD1C, 0xFD3B, 0xFD5D, 0x51D7, 0x0913, 0x4B5E, 0x13BF, 0x4F1F, 0x3E9F, 0x0BBE, 0x0000, 0x0000, 0x0000, 0x0000, 0x0000, 0x0000, 0x0000, 0x0000,
  0x0000, 0x0000, 0x0000, 0x0000, 0x0000, 0x0000, 0x021C, 0x037E, 0x6F9F, 0x2C7D, 0x01FB, 0x0912, 0x0071, 0x047C, 0x769F, 0xFD1C, 0xFCFC, 0xFCFC, 0xFCFC, 0xF53C, 0xFD5C, 0x7B9C, 0x0054, 0x2A37, 0x0A5C, 0x35BF, 0x2CFF, 0x01FE, 0x0000, 0x0000, 0x0000, 0x0000, 0x0000, 0x0000, 0x0000, 0x0000,
  0x0000, 0x0000, 0x0000, 0x0000, 0x0000, 0x0000, 0x021C, 0x4EDF, 0x97BF, 0x671F, 0x0A7C, 0x3399, 0x002F, 0x0257, 0x8F5F, 0xFCFB, 0xFCFB, 0xECFC, 0xD53D, 0xFD3C, 0xFD5C, 0x8CBD, 0x09D8, 0x11B8, 0x1A79, 0x0ABE, 0x02BF, 0x0000, 0x0000, 0x0000, 0x0000, 0x0000, 0x0000, 0x0000, 0x0000, 0x0000,
  0x0000, 0x0000, 0x0000, 0x0000, 0x0000, 0x0000, 0x021D, 0x3E3F, 0x9F7F, 0x4EDF, 0x023B, 0x0000, 0x0072, 0x14BD, 0x8EFF, 0xFCBB, 0xFCFB, 0xBCBC, 0x455F, 0xBD5E, 0xFCDB, 0x5CBE, 0xBF7F, 0x543C, 0x0117, 0x1B1D, 0x027D, 0x0000, 0x0000, 0x0000, 0x0000, 0x0000, 0x0000, 0x0000, 0x0000, 0x0000,
  0x0000, 0x0000, 0x0000, 0x0000, 0x0000, 0x0000, 0x025C, 0x02DD, 0x5F9F, 0x147F, 0x011A, 0x0000, 0x0093, 0x24FD, 0x96DF, 0xFCDB, 0xFCBC, 0x59D7, 0x0198, 0x349E, 0x747E, 0x653E, 0xFF1D, 0x963E, 0x09BA, 0x0000, 0x0000, 0x0000, 0x0000, 0x0000, 0x0000, 0x0000, 0x0000, 0x0000, 0x0000, 0x0000,
  0x0000, 0x0000, 0x0000, 0x0000, 0x0000, 0x0000, 0x0000, 0x01FB, 0x0D5F, 0x031D, 0x0000, 0x11F6, 0x0013, 0x251D, 0x9EFF, 0xFD1C, 0xBB99, 0x0031, 0x0031, 0x0093, 0x029B, 0xC6DF, 0xFDFB, 0xBE7D, 0x01DA, 0x0000, 0x0000, 0x0000, 0x0000, 0x0000, 0x0000, 0x0000, 0x0000, 0x0000, 0x0000, 0x0000,
  0x0000, 0x0000, 0x0000, 0x0000, 0x0000, 0x0000, 0x0000, 0x0000, 0x01BC, 0x0A3C, 0x0000, 0x0914, 0x0116, 0x2D9E, 0xA6BE, 0xFCBB, 0x3154, 0x0092, 0x42B6, 0x08B3, 0x0074, 0x86BE, 0xFEDD, 0x8E1E, 0x01BA, 0x0000, 0x0000, 0x0000, 0x0000, 0x0000, 0x0000, 0x0000, 0x0000, 0x0000, 0x0000, 0x0000,
  0x0000, 0x0000, 0x0000, 0x0000, 0x0000, 0x0000, 0x0000, 0x0000, 0x0000, 0x0000, 0x0000, 0x0133, 0x13BB, 0x237B, 0xD65E, 0x8A77, 0x0032, 0x0000, 0x0000, 0x0000, 0x0094, 0x0B39, 0x97FF, 0x3BDF, 0x013B, 0x0000, 0x0000, 0x0000, 0x0000, 0x0000, 0x0000, 0x0000, 0x0000, 0x0000, 0x0000, 0x0000,
  0x0000, 0x0000, 0x0000, 0x0000, 0x0000, 0x0000, 0x0000, 0x0000, 0x0000, 0x0000, 0x0053, 0x0A57, 0x3F1F, 0x01B7, 0x5A58, 0x0872, 0x08D2, 0x0000, 0x0000, 0x0000, 0x0000, 0x0157, 0x0CDF, 0x027C, 0x0000, 0x0000, 0x0000, 0x0000, 0x0000, 0x0000, 0x0000, 0x0000, 0x0000, 0x0000, 0x0000, 0x0000,
  0x0000, 0x0000, 0x0000, 0x0000, 0x0000, 0x0000, 0x0000, 0x0000, 0x0000, 0x0000, 0x0054, 0x349B, 0x67FF, 0x643C, 0x0033, 0x0092, 0x0000, 0x0000, 0x025E, 0x0000, 0x0000, 0x19F9, 0x031E, 0x037E, 0x0000, 0x0000, 0x0000, 0x0000, 0x0000, 0x0000, 0x0000, 0x0000, 0x0000, 0x0000, 0x0000, 0x0000,
  0x0000, 0x0000, 0x0000, 0x0000, 0x0000, 0x0000, 0x0000, 0x0000, 0x0000, 0x1195, 0x0116, 0x3EFF, 0x8E9F, 0xCC5C, 0x18F3, 0x0955, 0x0000, 0x0000, 0x0BDF, 0x0ADD, 0x0000, 0x0000, 0x0A7D, 0x0000, 0x0000, 0x0000, 0x0000, 0x0000, 0x0000, 0x0000, 0x0000, 0x0000, 0x0000, 0x0000, 0x0000, 0x0000,
  0x0000, 0x0000, 0x0000, 0x0000, 0x0000, 0x0000, 0x0000, 0x0000, 0x0000, 0x0031, 0x1BDA, 0x4F9F, 0xAD5F, 0x7A37, 0x0051, 0x0000, 0x0000, 0x0B7E, 0x2E9F, 0x0BBE, 0x0000, 0x0000, 0x0000, 0x0000, 0x0000, 0x0000, 0x0000, 0x0000, 0x0000, 0x0000, 0x0000, 0x0000, 0x0000, 0x0000, 0x0000, 0x0000,
  0x0000, 0x0000, 0x0000, 0x0000, 0x0000, 0x0000, 0x0000, 0x0000, 0x0000, 0x00D3, 0x361E, 0x877F, 0xB49D, 0x20D2, 0x00B1, 0x0000, 0x0000, 0x0B9F, 0x375F, 0x141F, 0x01FE, 0x0000, 0x0000, 0x0000, 0x0000, 0x0000, 0x0000, 0x0000, 0x0000, 0x0000, 0x0000, 0x0000, 0x0000, 0x0000, 0x0000, 0x0000,
  0x0000, 0x0000, 0x0000, 0x0000, 0x0000, 0x0000, 0x0000, 0x0000, 0x0011, 0x12F9, 0x56FF, 0x9E1F, 0x8AD8, 0x0010, 0x0000, 0x0000, 0x0000, 0x023D, 0x147F, 0x0ABD, 0x0000, 0x0000, 0x0000, 0x0000, 0x0000, 0x0000, 0x0000, 0x0000, 0x0000, 0x0000, 0x0000, 0x0000, 0x0000, 0x0000, 0x0000, 0x0000,
  0x0000, 0x0000, 0x0000, 0x0000, 0x0000, 0x0000, 0x0000, 0x0000, 0x0011, 0x24BC, 0x9EBF, 0xD47E, 0x3136, 0x0093, 0x0000, 0x0000, 0x0000, 0x0000, 0x025E, 0x0000, 0x0000, 0x0000, 0x0000, 0x0000, 0x0000, 0x0000, 0x0000, 0x0000, 0x0000, 0x0000, 0x0000, 0x0000, 0x0000, 0x0000, 0x0000, 0x0000,
  0x0000, 0x0000, 0x0000, 0x0000, 0x0000, 0x0000, 0x0000, 0x0000, 0x0030, 0x01F6, 0x857F, 0xA319, 0x0871, 0x0000, 0x0000, 0x0000, 0x0000, 0x0000, 0x0000, 0x0000, 0x0000, 0x0000, 0x0000, 0x0000, 0x0000, 0x0000, 0x0000, 0x0000, 0x0000, 0x0000, 0x0000, 0x0000, 0x0000, 0x0000, 0x0000, 0x0000,
  0x0000, 0x0000, 0x0000, 0x0000, 0x0000, 0x0000, 0x0000, 0x0000, 0x0000, 0x0090, 0x0091, 0x0050, 0x0090, 0x0000, 0x0000, 0x0000, 0x0000, 0x0000, 0x0000, 0x0000, 0x0000, 0x0000, 0x0000, 0x0000, 0x0000, 0x0000, 0x0000, 0x0000, 0x0000, 0x0000, 0x0000, 0x0000, 0x0000, 0x0000, 0x0000, 0x0000,
  0x0000, 0x0000, 0x0000, 0x0000, 0x0000, 0x0000, 0x0000, 0x0000, 0x0000, 0x01F3, 0x00D1, 0x0111, 0x1294, 0x0000, 0x0000, 0x0000, 0x0000, 0x0000, 0x0000, 0x0000, 0x0000, 0x0000, 0x0000, 0x0000, 0x0000, 0x0000, 0x0000, 0x0000, 0x0000, 0x0000, 0x0000, 0x0000, 0x0000, 0x0000, 0x0000, 0x0000
};

// Mảng con trỏ 13 Icon tương ứng 13 mục Menu S40
static const uint16_t* const GOME_ICONS[GOME_ICON_COUNT] PROGMEM = {
  GOME_ICON_0,
  GOME_ICON_1,
  GOME_ICON_2,
  GOME_ICON_3,
  GOME_ICON_4,
  GOME_ICON_5,
  GOME_ICON_6,
  GOME_ICON_7,
  GOME_ICON_8,
  GOME_ICON_9,
  GOME_ICON_10,
  GOME_ICON_11,
  GOME_ICON_12
};
